School,G,W,L,W-L%,SRS,SOS,ConfW,ConfL,HomeW,HomeL,AwayW,AwayL,Tm.,Opp.,MP,FG,FGA,FG%,3P,3PA,3P%,FT,FTA,FT%,ORB,TRB,AST,STL,BLK,TOV,PF,Pace,ORtg,FTr,3PAr,TS%,TRB%,AST%,STL%,BLK%,eFG%,TOV%,ORB%,FT/FGA,AdjEM,AdjO,AdjD,AdjT,Luck,SOS AdjEM,OppO,OppD,NCSOS AdjEM
Abilene Christian,29,13,16,.448,-11.86,-7.10,7,11,9,5,4,11,2009,2073,1180,721,1555,.464,207,550,.376,360,543,.663,222,904,408,210,83,412,631,68.0,100.1,.349,.354,.554,47.1,56.6,10.5,8.5,.530,18.5,23.5,.232,-12.05,96.7,108.8,65.4,+.049,-5.87,101.7,107.6,+1.48
Air Force,33,12,21,.364,-3.06,1.00,4,14,11,7,0,11,2411,2477,1335,817,1876,.436,264,728,.363,513,715,.717,304,1149,494,197,57,390,594,69.0,104.6,.381,.388,.544,50.3,60.5,8.6,5.7,.506,15.0,26.1,.273,-5.44,104.2,109.6,66.6,-.065,+0.28,104.3,104.0,-5.92
Akron,36,27,9,.750,3.59,-1.21,14,4,13,2,7,6,2772,2550,1440,949,2035,.466,366,984,.372,508,744,.683,357,1246,517,198,118,422,653,68.0,113.1,.366,.484,.580,51.2,54.5,8.1,8.6,.556,15.0,29.8,.250,+5.92,112.9,107.0,65.2,+.078,-2.19,103.7,105.9,-4.72
Alabama,34,19,15,.559,11.29,7.47,10,8,11,6,5,6,2330,2200,1380,809,1909,.424,225,710,.317,487,746,.653,418,1327,390,200,141,474,664,67.4,100.3,.391,.372,.515,53.8,48.2,8.6,11.6,.483,17.3,34.1,.255,+13.49,105.4,91.9,64.6,-.048,+7.35,108.0,100.7,-0.98
Alabama A&M,29,2,27,.069,-26.99,-11.09,2,16,1,9,1,18,1794,2255,1175,628,1549,.405,125,447,.280,411,614,.669,299,914,326,100,50,384,526,65.4,93.4,.396,.289,.487,46.4,51.9,5.2,4.4,.446,17.3,30.0,.265,-30.22,91.6,121.8,63.7,-.075,-9.74,98.9,108.6,+1.49
Alabama State,31,8,23,.258,-19.75,-10.75,6,12,6,5,1,17,2042,2305,1260,719,1834,.392,200,674,.297,404,634,.637,427,1188,300,150,98,488,629,69.6,93.2,.346,.368,.478,50.4,41.7,6.8,8.0,.447,18.6,34.6,.220,-21.56,91.1,112.7,68.0,-.007,-9.57,99.1,108.7,+2.88
Alabama-Birmingham,33,17,16,.515,-1.17,-1.83,9,9,11,5,4,8,2369,2316,1330,835,1809,.462,203,583,.348,496,674,.736,321,1188,503,157,160,444,527,67.8,105.1,.373,.322,.556,52.4,60.2,7.0,13.2,.518,17.3,30.2,.274,-2.48,103.8,106.3,65.6,-.008,-2.14,103.6,105.7,+0.56
Albany (NY),35,21,14,.600,-0.16,-4.69,10,6,11,5,9,8,2496,2301,1400,907,1941,.467,192,516,.372,490,647,.757,379,1257,444,178,60,416,617,65.3,109.2,.333,.266,.555,55.5,49.0,7.8,5.6,.517,15.6,33.7,.252,+3.12,107.7,104.6,63.7,-.026,-4.98,101.9,106.9,-1.87
Alcorn State,32,18,14,.563,-12.33,-10.95,13,5,11,2,6,11,2221,2175,1285,800,1866,.429,222,669,.332,399,612,.652,387,1243,425,209,115,452,610,69.2,100.0,.328,.359,.515,51.4,53.1,9.4,9.2,.488,17.3,32.5,.214,-10.37,95.5,105.8,67.3,+.048,-10.66,98.2,108.8,+11.44
American,30,8,22,.267,-10.30,-3.50,5,13,4,11,4,11,1845,2049,1205,692,1542,.449,168,529,.318,293,474,.618,204,868,339,209,73,396,548,65.2,94.0,.307,.343,.522,46.6,49.0,10.6,6.9,.503,18.3,21.7,.190,-13.29,94.8,108.1,63.9,-.017,-4.31,101.5,105.8,-4.22
Appalachian State,30,9,21,.300,-8.67,-1.60,4,14,8,6,1,14,2208,2279,1205,749,1781,.421,251,742,.338,459,674,.681,339,1126,414,167,91,414,641,72.1,101.7,.378,.417,.525,50.7,55.3,7.7,7.6,.491,16.5,29.4,.258,-9.12,99.6,108.7,70.1,-.039,+0.01,104.3,104.3,+0.01
Arizona,37,32,5,.865,18.25,7.63,16,2,15,1,9,1,2833,2440,1480,977,2048,.477,244,625,.390,635,830,.765,380,1358,501,201,119,413,625,67.3,113.8,.405,.305,.580,55.1,51.3,8.1,8.8,.537,14.5,33.1,.310,+22.74,117.6,94.8,65.3,+.064,+6.60,108.1,101.5,+1.53
Arizona State,33,15,18,.455,4.02,7.11,7,11,9,7,4,6,2593,2695,1325,888,2047,.434,328,896,.366,489,653,.749,304,1075,430,194,106,344,556,72.5,108.0,.319,.438,.550,45.1,48.4,8.1,8.8,.514,12.7,24.4,.239,+2.60,111.8,109.2,69.5,+.035,+6.59,108.4,101.8,-0.81
Arkansas,36,26,10,.722,14.04,8.60,12,6,15,3,6,5,2855,2659,1440,997,2165,.461,233,638,.365,628,825,.761,401,1298,497,278,170,428,739,71.7,110.7,.381,.295,.558,49.5,49.8,10.8,12.4,.514,14.3,31.7,.290,+15.60,116.7,101.1,69.0,+.093,+7.54,107.9,100.4,-1.20
Arkansas-Pine Bluff,32,7,25,.219,-22.81,-10.28,6,12,6,6,1,19,1977,2320,1305,695,1725,.403,208,621,.335,379,581,.652,335,1013,334,279,93,578,718,68.7,88.2,.337,.360,.494,46.8,48.1,12.4,9.5,.463,22.4,29.8,.220,-25.20,85.6,110.8,67.1,-.010,-8.99,100.4,109.4,+3.01
Army,32,13,19,.406,-5.84,-4.10,6,12,9,8,4,10,2324,2340,1295,842,1906,.442,291,825,.353,349,533,.655,317,1213,520,178,61,483,620,72.0,99.7,.280,.433,.538,51.8,61.8,7.6,4.9,.518,18.3,27.1,.183,-6.43,98.4,104.8,70.9,-.063,-4.66,101.3,105.9,-3.72
Auburn,32,18,14,.563,8.17,7.33,7,11,10,5,6,6,2573,2546,1290,861,1969,.437,289,789,.366,562,836,.672,369,1171,416,234,162,434,668,75.2,106.1,.425,.401,.544,48.4,48.3,9.6,13.4,.511,15.5,30.3,.285,+8.27,111.7,103.4,73.1,+.045,+7.05,107.4,100.3,+1.87
Austin Peay,30,11,19,.367,-11.00,-2.32,7,9,5,8,4,11,2331,2515,1215,806,1718,.469,227,640,.355,492,695,.708,245,913,324,171,73,373,547,71.8,106.9,.405,.373,.569,44.9,40.2,7.8,6.3,.535,15.4,24.4,.286,-11.08,106.0,117.1,69.5,+.040,-1.75,104.7,106.5,+3.21
Ball State,34,21,13,.618,-1.45,-3.57,11,7,11,5,7,7,2677,2567,1380,929,2014,.461,319,841,.379,500,696,.718,335,1281,529,203,118,496,658,72.7,106.7,.346,.418,.571,51.2,56.9,8.1,8.8,.540,17.5,28.3,.248,-0.47,104.8,105.2,70.5,+.051,-4.00,103.0,107.0,-10.62
Baylor,35,27,8,.771,19.75,11.87,12,6,15,2,6,4,2550,2228,1400,921,1956,.471,230,641,.359,478,661,.723,451,1329,544,180,166,469,617,65.3,111.5,.338,.328,.562,56.5,59.1,7.9,13.0,.530,17.1,40.2,.244,+25.01,117.3,92.3,62.7,+.002,+12.77,111.3,98.5,+1.64
Belmont,30,23,7,.767,4.28,-1.69,15,1,12,1,11,4,2302,2078,1205,798,1703,.469,306,895,.342,400,521,.768,254,1057,481,131,80,380,531,69.0,110.7,.306,.526,.590,52.1,60.3,6.3,6.8,.558,16.3,26.3,.235,+7.60,110.5,102.9,67.5,+.067,-2.42,103.6,106.0,+3.77
Bethune-Cookman,32,10,22,.313,-19.44,-11.21,6,10,7,7,2,13,2275,2490,1315,840,2022,.415,228,712,.320,367,554,.662,397,1135,448,245,96,413,644,70.1,98.7,.274,.352,.498,47.0,53.3,10.6,7.9,.472,15.3,31.1,.182,-20.20,95.0,115.2,67.8,-.011,-11.25,98.7,109.9,-2.17
Binghamton,32,12,20,.375,-11.99,-5.79,3,13,7,7,4,13,2175,2270,1285,768,1757,.437,248,685,.362,391,555,.705,251,1055,410,167,78,397,545,67.4,100.4,.316,.390,.538,48.6,53.4,7.7,6.9,.508,16.4,23.4,.223,-13.68,96.2,109.9,65.5,-.009,-4.99,102.3,107.3,-4.64
Boise State,32,20,12,.625,5.52,2.72,12,6,11,3,8,7,2404,2278,1280,811,1802,.450,253,726,.348,529,743,.712,309,1139,387,158,77,409,662,70.4,106.7,.412,.403,.558,51.3,47.7,7.0,6.1,.520,16.0,28.2,.294,+6.50,109.7,103.2,68.9,+.024,+2.44,105.5,103.1,+1.64
Boston College,32,9,23,.281,2.20,8.08,2,16,8,10,0,9,2320,2508,1280,843,1880,.448,256,685,.374,378,556,.680,292,1119,473,179,87,467,597,72.5,100.0,.296,.364,.541,50.2,56.1,7.7,7.3,.516,17.9,25.7,.201,+0.42,104.3,103.9,70.6,-.032,+9.15,110.6,101.4,-6.13
Boston University,32,18,14,.563,-2.43,-3.66,12,6,11,5,6,9,2339,2264,1300,817,1844,.443,274,773,.354,431,619,.696,311,1141,449,265,81,444,610,69.9,102.9,.336,.419,.547,50.1,55.0,11.7,7.7,.517,17.2,27.6,.234,-2.08,101.4,103.4,69.2,+.003,-4.23,101.7,105.9,-0.54
Bowling Green State,32,13,19,.406,-6.00,-2.00,7,11,10,7,3,12,2355,2453,1295,832,1957,.425,220,644,.342,471,706,.667,353,1153,390,221,87,408,623,72.7,100.1,.361,.329,.514,48.8,46.9,9.4,7.1,.481,15.1,28.2,.241,-7.21,100.0,107.2,69.5,+.010,-1.60,103.8,105.4,-5.99
Bradley,33,13,20,.394,-2.84,2.94,7,11,8,7,3,10,2163,2333,1325,731,1722,.425,217,609,.356,484,719,.673,297,1156,372,203,118,499,672,68.6,95.1,.418,.354,.524,49.2,50.9,8.9,10.5,.488,19.5,26.2,.281,-4.30,98.5,102.8,67.1,+.018,+2.71,105.9,103.2,+0.64
Brigham Young,34,22,12,.647,8.22,1.87,12,6,14,4,5,4,2741,2525,1360,937,2057,.456,230,668,.344,637,869,.733,363,1418,534,224,156,469,657,75.6,106.7,.422,.325,.555,53.5,57.0,8.7,11.7,.511,16.0,29.2,.310,+9.68,109.1,99.4,75.0,+.010,+0.33,104.2,103.9,-2.20
Brown,30,13,17,.433,-8.55,-4.08,4,10,9,7,4,8,2275,2338,1200,735,1660,.443,244,665,.367,561,739,.759,275,933,399,228,56,430,597,72.1,105.1,.445,.401,.566,47.8,54.3,10.5,5.3,.516,17.6,27.1,.338,-9.81,104.1,113.9,70.8,+.017,-5.23,101.3,106.5,-9.40
Bryant,32,12,20,.375,-9.69,-5.43,9,9,9,5,2,15,2373,2478,1315,839,1917,.438,237,701,.338,458,636,.720,345,1148,460,218,69,428,680,70.0,103.2,.332,.366,.535,49.4,54.8,9.5,5.8,.499,16.2,29.5,.239,-10.37,101.7,112.0,68.7,-.014,-6.17,100.7,106.8,+3.35
Bucknell,35,26,9,.743,5.89,-2.48,15,3,14,2,9,6,2669,2376,1400,942,1961,.480,286,754,.379,497,730,.681,302,1203,510,252,134,466,655,70.7,107.9,.372,.384,.578,50.6,54.1,10.2,9.7,.553,16.8,26.7,.253,+8.71,109.1,100.3,69.3,+.018,-4.37,100.9,105.3,+1.09
Buffalo,32,17,15,.531,0.92,-1.01,11,7,8,4,8,7,2486,2375,1285,877,1945,.451,240,727,.330,492,711,.692,385,1295,459,181,127,453,735,73.1,105.8,.366,.374,.545,53.1,52.3,7.7,10.2,.513,16.6,33.0,.253,+3.11,105.3,102.2,70.9,-.053,-0.17,105.3,105.5,+2.76
Butler,34,25,9,.735,17.70,10.23,12,6,13,3,7,4,2595,2341,1370,906,1898,.477,261,714,.366,522,704,.741,287,1091,453,206,96,346,640,67.3,112.6,.371,.376,.581,50.6,50.0,8.9,8.4,.546,13.4,27.1,.275,+20.91,118.0,97.1,64.9,-.001,+10.72,110.6,99.9,+5.29
Cal Poly,31,11,20,.355,-10.71,-4.22,6,10,6,6,5,11,2082,2242,1250,726,1800,.403,258,758,.340,372,534,.697,300,1003,322,162,113,333,574,66.7,99.9,.297,.421,.507,46.5,44.4,7.8,9.2,.475,14.0,26.0,.207,-13.18,99.9,113.0,64.9,+.013,-4.18,100.7,104.9,+2.64
Cal State Bakersfield,35,25,10,.714,3.21,-1.94,12,2,12,1,11,6,2502,2235,1425,895,2035,.440,229,652,.351,483,755,.640,433,1349,507,286,137,519,794,69.6,100.8,.371,.320,.523,52.3,56.6,11.5,12.3,.496,17.8,33.9,.237,+4.52,98.0,93.5,66.0,-.004,-3.53,101.9,105.5,-1.04
Cal State Fullerton,32,17,15,.531,-7.55,-6.85,10,6,12,4,4,8,2351,2280,1315,821,1850,.444,196,631,.311,513,747,.687,341,1196,387,223,117,465,666,70.8,100.9,.404,.341,.533,52.2,47.1,9.6,9.9,.497,17.4,30.0,.277,-8.54,97.0,105.5,68.1,+.034,-8.82,99.7,108.5,-7.89
Cal State Northridge,30,11,19,.367,-8.34,-4.13,7,9,7,7,4,8,2341,2440,1200,806,1747,.461,145,415,.349,584,801,.729,295,1052,411,207,90,399,638,74.6,104.6,.459,.238,.550,49.0,51.0,9.2,7.0,.503,15.8,28.0,.334,-10.60,104.0,114.6,72.3,-.032,-5.96,99.9,105.8,+0.71
Campbell,37,19,18,.514,-9.68,-7.59,7,11,11,8,6,9,2653,2605,1490,909,1992,.456,294,798,.368,541,720,.751,292,1219,432,244,151,476,662,67.7,105.2,.361,.401,.568,49.3,47.5,9.7,11.3,.530,16.9,24.4,.272,-11.36,99.3,110.7,65.0,+.035,-7.53,101.3,108.8,-5.06
Canisius,34,18,16,.529,-2.82,-3.50,10,10,7,7,9,8,2665,2642,1370,943,2066,.456,309,832,.371,470,639,.736,364,1120,601,230,64,446,659,71.4,108.9,.309,.403,.562,48.3,63.7,9.4,4.9,.531,15.8,30.2,.227,-1.63,108.3,109.9,69.2,+.016,-3.04,102.8,105.8,-0.82
Central Arkansas,32,8,24,.250,-13.04,-3.76,7,11,5,6,3,16,2395,2692,1295,836,1910,.438,230,613,.375,493,687,.718,337,1151,465,178,84,446,606,72.2,102.5,.360,.321,.535,48.8,55.6,7.6,7.4,.498,16.6,28.8,.258,-13.51,104.0,117.5,70.6,-.014,-3.03,103.0,106.0,+6.91
Central Connecticut State,29,6,23,.207,-17.51,-7.68,4,14,3,9,3,14,1827,2112,1170,675,1602,.421,146,418,.349,331,534,.620,332,966,341,166,68,413,539,66.5,93.9,.333,.261,.492,48.5,50.5,8.5,6.9,.467,18.2,31.5,.207,-21.08,92.8,113.9,64.4,-.023,-8.06,99.3,107.4,-3.67
Central Florida,36,24,12,.667,9.58,3.69,11,7,15,3,6,6,2414,2202,1445,825,1898,.435,263,748,.352,501,758,.661,389,1471,400,144,145,525,548,66.2,101.0,.399,.394,.535,55.6,48.5,6.0,11.1,.504,18.9,32.6,.264,+11.00,103.8,92.8,65.2,-.002,+2.06,104.9,102.9,-6.41
Central Michigan,32,16,16,.500,-5.76,-2.63,6,12,10,5,5,9,2826,2807,1295,912,2153,.424,399,1115,.358,603,762,.791,364,1244,362,181,93,362,612,77.8,112.2,.354,.518,.562,47.7,39.7,7.2,6.6,.516,12.6,27.9,.280,-6.03,111.5,117.6,74.8,+.053,-1.94,103.2,105.1,-5.19
Charleston Southern,31,12,19,.387,-12.28,-6.21,7,11,9,6,3,12,2304,2343,1255,824,1868,.441,228,669,.341,428,643,.666,336,1092,341,176,89,358,620,69.7,105.3,.344,.358,.530,50.1,41.4,8.0,8.4,.502,14.1,29.0,.229,-13.40,103.2,116.6,67.7,+.007,-5.64,101.1,106.7,+4.73
Charlotte,30,13,17,.433,-5.24,-0.93,7,11,10,5,3,9,2295,2407,1205,800,1803,.444,237,630,.376,458,614,.746,224,979,361,190,94,366,578,74.4,102.4,.341,.349,.548,44.8,45.1,8.5,7.3,.509,14.9,20.6,.254,-6.29,103.2,109.4,72.3,+.033,-1.72,103.4,105.1,+2.25
Chattanooga,31,19,12,.613,1.10,-2.08,10,8,11,3,7,7,2314,2132,1245,801,1718,.466,231,667,.346,481,677,.710,322,1005,377,241,145,413,570,68.1,109.2,.394,.388,.567,49.1,47.1,11.4,12.4,.533,16.8,31.1,.280,+4.59,106.7,102.1,65.0,-.010,-0.56,105.7,106.3,+2.64
Chicago State,32,6,26,.188,-16.67,-0.19,1,13,3,7,2,17,2089,2511,1300,739,1923,.384,212,681,.311,399,569,.701,344,1123,360,215,68,440,616,70.3,91.4,.296,.354,.476,46.8,48.7,9.4,6.6,.439,16.7,26.8,.207,-19.38,91.9,111.3,66.6,-.009,+1.60,104.5,102.9,+5.89
Cincinnati,36,30,6,.833,18.43,5.49,16,2,18,0,8,3,2674,2208,1450,969,2116,.458,264,764,.346,472,688,.686,437,1328,557,261,173,361,566,65.1,113.3,.325,.361,.547,53.3,57.5,11.1,13.9,.520,12.9,35.5,.223,+22.32,114.3,91.9,63.4,+.029,+3.56,106.5,103.0,-0.22
Citadel,33,12,21,.364,-12.86,-2.93,4,14,8,8,3,12,2964,3121,1335,980,2357,.416,397,1165,.341,607,802,.757,448,1232,561,306,85,473,737,82.6,107.5,.340,.494,.541,45.9,57.2,11.1,5.9,.500,14.7,30.1,.258,-10.74,105.6,116.4,79.3,+.023,-1.05,104.9,106.0,-2.00
Clemson,33,17,16,.515,13.22,9.98,6,12,11,6,3,7,2468,2361,1325,871,1939,.449,239,669,.357,487,666,.731,365,1124,414,235,130,354,501,67.7,110.0,.343,.345,.547,49.3,47.5,10.5,10.7,.511,13.6,31.4,.251,+15.88,115.9,100.0,65.9,-.053,+11.52,111.2,99.7,+2.16
Cleveland State,31,9,22,.290,-6.73,-1.53,5,13,5,6,2,14,2083,2222,1260,745,1838,.405,219,709,.309,374,541,.691,339,1024,327,221,94,405,636,68.8,96.2,.294,.386,.497,47.0,43.9,10.2,8.7,.465,16.2,29.0,.203,-6.81,96.4,103.2,64.9,-.090,-0.97,104.8,105.8,+5.16
Coastal Carolina,39,20,19,.513,-3.94,-1.48,10,8,15,6,3,12,2833,2858,1570,1021,2416,.423,318,963,.330,473,719,.658,480,1571,467,237,109,508,709,71.0,101.7,.298,.399,.514,52.0,45.7,8.5,8.7,.488,15.6,31.1,.196,-2.77,102.5,105.3,67.5,+.025,+0.11,104.8,104.7,+1.81
Colgate,32,10,22,.313,-8.47,-3.60,8,10,4,8,6,12,2145,2273,1305,745,1693,.440,271,732,.370,384,567,.677,263,1037,414,164,82,470,603,66.4,99.0,.335,.432,.547,49.7,55.6,7.6,7.7,.520,19.3,25.1,.227,-9.13,98.5,107.7,64.6,-.013,-2.81,102.5,105.3,-0.54
College of Charleston,35,25,10,.714,3.99,-0.19,14,4,12,2,10,5,2416,2260,1405,804,1862,.432,220,670,.328,588,799,.736,302,1194,355,194,117,364,604,65.6,104.9,.429,.360,.539,49.1,44.2,8.4,9.8,.491,14.0,25.6,.316,+7.51,105.9,98.4,63.8,+.064,-0.09,105.7,105.8,+0.48
Colorado,34,19,15,.559,9.12,6.00,8,10,13,4,4,9,2568,2455,1370,888,1993,.446,250,718,.348,542,770,.704,403,1276,474,172,146,410,632,69.0,108.7,.386,.360,.544,52.1,53.4,7.3,11.9,.508,14.8,32.7,.272,+10.21,112.0,101.8,67.3,-.040,+5.02,107.6,102.5,-0.62
Colorado State,36,24,12,.667,6.03,2.17,13,5,15,5,7,5,2611,2447,1440,879,2070,.425,257,758,.339,596,815,.731,409,1374,397,218,123,392,618,68.1,106.6,.394,.366,.531,51.9,45.2,8.9,9.8,.487,13.8,31.6,.288,+8.48,108.3,99.9,65.7,+.014,+1.33,104.5,103.2,-1.06
Columbia,27,11,16,.407,-5.67,-3.13,5,9,7,6,4,10,1940,1964,1090,700,1603,.437,211,584,.361,329,465,.708,273,941,418,190,79,347,506,69.5,102.5,.290,.364,.532,48.5,59.7,10.0,9.2,.502,16.0,28.1,.205,-6.20,101.0,107.2,68.4,-.022,-3.03,102.8,105.8,-3.66
Connecticut,33,16,17,.485,7.23,6.61,9,9,8,6,4,8,2220,2189,1330,778,1809,.430,223,628,.355,441,619,.712,336,1209,432,146,177,402,575,65.4,102.1,.342,.347,.528,50.9,55.5,6.7,15.3,.492,16.0,29.9,.244,+6.73,105.3,98.6,64.5,-.047,+6.13,107.4,101.3,+5.52
Coppin State,32,8,24,.250,-21.51,-8.01,7,9,5,6,3,16,2119,2521,1290,705,1846,.382,225,708,.318,484,745,.650,367,1115,335,182,72,440,664,70.5,93.1,.404,.384,.482,46.3,47.5,8.0,6.4,.443,16.7,28.4,.262,-21.74,93.7,115.4,68.3,+.002,-6.82,100.7,107.5,+7.95
Cornell,29,8,21,.276,-8.40,-1.55,4,10,3,8,4,12,2074,2238,1165,746,1646,.453,244,720,.339,338,484,.698,219,976,417,150,78,419,529,71.3,99.8,.294,.437,.553,48.7,55.9,7.2,6.7,.527,18.3,22.5,.205,-8.67,99.7,108.4,69.2,-.032,-0.20,105.3,105.5,+1.94
Creighton,35,25,10,.714,17.27,8.95,10,8,13,4,7,4,2864,2549,1400,1078,2137,.504,304,766,.397,404,592,.682,289,1223,598,213,102,435,582,72.9,112.3,.277,.358,.592,49.3,55.5,8.4,7.6,.576,15.2,24.8,.189,+19.59,115.6,96.0,70.5,+.009,+8.98,110.2,101.2,-1.30
Dartmouth,27,7,20,.259,-11.15,-3.45,4,10,3,9,4,11,1812,2020,1085,631,1463,.431,199,565,.352,351,495,.709,249,917,301,124,48,401,493,68.2,97.9,.338,.386,.534,50.5,47.7,6.7,4.7,.499,19.1,27.6,.240,-12.97,99.2,112.1,66.9,+.032,-2.87,102.3,105.2,-4.46
Davidson,32,17,15,.531,6.45,4.26,8,10,8,5,5,7,2362,2292,1290,814,1861,.437,292,856,.341,442,587,.753,285,1149,499,163,106,390,583,69.5,105.4,.315,.460,.552,49.6,61.3,7.3,8.5,.516,15.4,25.1,.238,+7.82,108.5,100.7,68.0,-.031,+4.66,106.9,102.3,+2.31
Dayton,32,24,8,.750,12.98,4.27,15,3,15,1,7,3,2428,2126,1285,820,1763,.465,258,671,.385,530,768,.690,277,1097,500,249,128,376,601,69.4,108.9,.436,.381,.571,49.7,61.0,11.2,11.9,.538,15.0,25.8,.301,+15.67,112.3,96.6,68.2,-.011,+3.38,105.6,102.2,+2.89
DePaul,32,9,23,.281,2.09,7.78,2,16,8,10,1,9,2206,2388,1285,775,1804,.430,184,564,.326,472,642,.735,339,1057,366,213,92,451,635,69.0,99.5,.356,.313,.523,49.0,47.2,9.6,8.8,.481,17.6,29.9,.262,-1.03,103.5,104.5,67.2,-.069,+7.28,108.8,101.5,-7.09
Delaware,33,13,20,.394,-9.97,-1.42,5,13,9,5,3,12,2157,2381,1325,775,1838,.422,196,643,.305,411,599,.686,322,1159,385,176,102,396,625,66.1,98.4,.326,.350,.508,50.1,49.7,8.0,9.7,.475,15.7,27.5,.224,-11.09,97.3,108.4,64.4,+.089,+0.21,106.4,106.2,-2.93
Delaware State,32,10,22,.313,-18.81,-9.37,7,9,4,7,6,14,2186,2399,1295,782,1865,.419,263,727,.362,359,545,.659,348,1057,429,177,89,436,608,68.4,98.6,.292,.390,.515,46.2,54.9,8.0,8.5,.490,17.0,29.3,.192,-19.85,94.3,114.1,65.3,+.007,-8.51,100.6,109.1,+3.87
Denver,30,16,14,.533,-2.99,-4.19,8,8,8,5,7,8,2275,2239,1210,811,1684,.482,223,555,.402,428,583,.734,273,1058,452,150,64,404,603,69.0,109.0,.346,.330,.580,53.1,55.7,7.2,6.1,.548,17.1,28.8,.254,-1.54,107.5,109.1,66.3,-.007,-3.52,103.9,107.4,-5.14
Detroit Mercy,31,8,23,.258,-10.72,-1.62,6,12,5,9,3,13,2387,2630,1255,830,1867,.445,251,675,.372,476,717,.664,320,1036,398,203,78,451,741,74.3,102.4,.384,.362,.541,47.1,48.0,8.7,6.9,.512,17.0,27.6,.255,-12.33,102.2,114.5,72.2,+.016,-1.22,103.7,104.9,+2.72
Drake,31,7,24,.226,-4.71,1.91,5,13,6,9,1,11,2208,2390,1255,760,1856,.409,270,782,.345,418,553,.756,311,1070,404,188,75,389,563,70.0,100.5,.298,.421,.521,47.5,53.2,8.6,6.4,.482,15.5,26.9,.225,-8.20,103.0,111.2,69.0,-.083,+1.19,104.1,102.9,-3.42
Drexel,32,9,23,.281,-7.43,-2.56,3,15,5,8,4,14,2397,2508,1300,865,1987,.435,256,741,.345,411,617,.666,379,1177,470,187,98,425,644,71.4,103.3,.311,.373,.526,49.8,54.3,8.1,8.1,.500,15.7,30.9,.207,-7.15,102.9,110.0,69.8,-.089,-0.96,104.6,105.5,-3.59
Duke,37,28,9,.757,21.56,10.91,11,7,15,1,4,6,2991,2597,1480,1019,2144,.475,311,822,.378,642,842,.762,390,1341,484,226,172,421,675,69.9,115.7,.393,.383,.588,51.9,47.5,8.7,10.9,.548,14.2,31.6,.299,+25.09,121.0,95.9,67.6,+.027,+12.38,111.5,99.1,+0.05
Duquesne,32,10,22,.313,-3.06,0.69,3,15,8,10,1,10,2256,2376,1280,785,1835,.428,226,677,.334,460,680,.676,343,1167,401,157,127,454,593,71.0,99.3,.371,.369,.523,49.4,51.1,6.9,10.0,.489,17.4,29.0,.251,-5.19,101.9,107.1,69.5,-.075,-0.87,103.2,104.1,-8.10
East Carolina,33,15,18,.455,-0.49,1.33,6,12,12,5,1,11,2088,2148,1320,716,1797,.398,214,668,.320,442,673,.657,370,1252,394,168,171,459,550,66.8,94.8,.375,.372,.493,50.4,55.0,7.6,13.2,.458,17.8,30.7,.246,-1.18,97.1,98.3,66.4,+.013,+1.06,105.2,104.1,-10.43
East Tennessee State,35,27,8,.771,7.31,-2.11,14,4,13,2,8,5,2782,2438,1415,960,1967,.488,265,693,.382,597,850,.702,357,1269,516,293,162,519,698,71.4,110.2,.432,.352,.587,53.1,53.8,11.6,13.6,.555,18.0,31.3,.304,+11.49,108.0,96.5,69.7,+.002,-1.39,105.3,106.7,+0.54
Eastern Illinois,29,14,15,.483,-5.35,-5.05,6,10,8,6,6,9,2169,2083,1195,772,1852,.417,259,696,.372,366,501,.731,348,1081,444,198,119,370,559,70.5,103.0,.271,.376,.519,49.0,57.5,9.4,10.7,.487,15.0,30.4,.198,-4.87,100.0,104.9,68.1,-.049,-4.70,102.8,107.5,-3.01
Eastern Kentucky,31,12,19,.387,-8.65,-2.44,5,11,8,6,3,12,2197,2330,1265,750,1751,.428,235,733,.321,462,655,.705,286,1018,422,185,113,432,619,69.7,99.7,.374,.419,.533,46.8,56.3,8.4,10.0,.495,17.3,26.2,.264,-9.47,98.4,107.8,67.1,+.015,-1.63,104.8,106.4,+0.63
Eastern Michigan,33,16,17,.485,-0.18,0.16,7,11,10,6,5,10,2566,2409,1330,918,2046,.449,211,616,.343,519,716,.725,420,1201,443,317,144,399,704,71.2,108.4,.350,.301,.538,49.9,48.3,13.4,13.1,.500,14.3,34.3,.254,+1.24,106.1,104.8,67.7,-.078,+0.88,106.7,105.8,+5.62
Eastern Washington,34,22,12,.647,-2.77,-4.43,13,5,15,1,6,10,2695,2592,1410,947,1975,.479,281,741,.379,520,675,.770,309,1196,421,158,162,415,679,68.0,112.4,.342,.375,.587,50.9,44.5,6.6,12.5,.551,15.3,27.6,.263,-1.43,108.7,110.1,66.4,+.092,-5.70,102.7,108.4,+2.12
Elon,32,18,14,.563,0.24,-1.39,10,8,10,4,6,8,2403,2292,1310,850,1911,.445,308,868,.355,395,577,.685,291,1209,466,165,73,374,532,69.2,106.1,.302,.454,.550,50.2,54.8,7.3,6.1,.525,14.6,25.0,.207,+2.21,104.3,102.1,67.3,-.021,-0.47,105.4,105.9,-1.53
Evansville,33,16,17,.485,1.45,2.42,6,12,13,4,2,9,2288,2261,1335,800,1762,.454,127,347,.366,561,787,.713,298,1136,442,172,99,389,659,67.0,102.3,.447,.197,.536,50.6,55.3,7.7,9.1,.490,15.4,27.2,.318,+0.88,104.1,103.2,66.3,-.024,+1.39,104.7,103.3,-2.20
Fairfield,31,16,15,.516,-4.75,-3.85,11,9,7,6,8,8,2251,2279,1250,822,1859,.442,262,782,.335,345,506,.682,275,1115,464,166,92,416,567,71.7,100.5,.272,.421,.536,48.5,56.4,7.4,7.3,.513,16.5,24.4,.186,-3.56,99.3,102.8,68.6,+.052,-3.03,103.5,106.6,-2.44
Fairleigh Dickinson,30,11,19,.367,-9.28,-5.31,9,9,7,4,3,14,2183,2250,1205,754,1713,.440,201,606,.332,474,620,.765,291,993,366,189,78,398,637,70.2,103.2,.362,.354,.544,47.3,48.5,8.9,7.0,.499,16.5,27.8,.277,-8.97,102.9,111.9,68.6,-.051,-4.93,100.5,105.4,+7.77
Florida,36,27,9,.750,22.40,11.01,14,4,9,1,8,4,2804,2394,1455,953,2118,.450,278,776,.358,620,851,.729,416,1331,450,272,167,431,661,70.1,110.0,.402,.366,.556,51.3,47.2,10.7,11.8,.516,14.6,31.8,.293,+26.39,115.9,89.5,68.5,-.046,+11.61,110.1,98.5,+8.87
Florida A&M,30,7,23,.233,-20.88,-11.85,5,11,4,10,3,11,2153,2365,1220,762,1800,.423,187,538,.348,442,671,.659,304,1047,379,197,99,407,568,72.2,97.7,.373,.299,.508,45.7,49.7,8.9,9.1,.475,16.1,25.8,.246,-22.34,93.7,116.0,68.8,-.085,-12.72,97.7,110.4,-4.02
Florida Atlantic,30,10,20,.333,-7.95,-1.98,6,12,5,9,5,8,2108,2221,1215,756,1838,.411,204,639,.319,392,558,.703,316,1066,369,171,93,348,570,70.2,98.9,.304,.348,.501,47.3,48.8,8.0,7.4,.467,14.2,27.0,.213,-9.32,98.6,108.0,68.4,-.036,-2.41,103.3,105.7,-1.23
Florida Gulf Coast,34,26,8,.765,2.26,-3.42,12,2,16,3,10,3,2701,2356,1370,1007,2017,.499,221,636,.347,466,664,.702,379,1269,527,207,116,421,635,69.3,113.8,.329,.315,.579,53.9,52.3,8.7,9.7,.554,15.3,33.9,.231,+5.01,109.5,104.5,64.8,+.051,-4.99,103.6,108.6,+2.69
Florida International,31,7,24,.226,-8.10,-3.27,3,15,6,9,1,13,2178,2282,1270,805,1773,.454,181,545,.332,387,516,.750,315,1051,346,185,67,413,570,66.5,103.1,.291,.307,.540,51.2,43.0,8.8,5.9,.505,17.0,30.5,.218,-9.64,102.9,112.5,64.5,-.171,-3.65,102.0,105.6,-4.41
Florida State,35,26,9,.743,18.87,8.87,12,6,18,0,3,6,2873,2523,1400,1036,2146,.483,233,671,.347,568,824,.689,409,1324,511,259,180,415,684,72.6,113.1,.384,.313,.566,52.7,49.3,10.2,13.7,.537,14.1,33.6,.265,+22.74,116.7,94.0,70.4,+.023,+9.69,110.9,101.2,-3.61
Fordham,32,13,19,.406,-1.97,1.36,7,11,8,9,5,8,2090,2167,1300,741,1783,.416,264,791,.334,344,474,.726,261,913,429,314,91,418,611,66.8,96.3,.266,.444,.520,44.3,57.9,14.5,9.3,.490,17.2,23.4,.193,-2.95,96.9,99.9,63.8,-.023,+1.24,104.9,103.6,-3.11
Fresno State,33,20,13,.606,4.37,2.31,11,7,13,2,6,10,2426,2315,1350,852,1872,.455,209,593,.352,513,763,.672,314,1175,414,277,127,444,718,70.1,102.5,.408,.317,.543,50.6,48.6,11.7,11.3,.511,16.6,27.5,.274,+5.92,104.9,99.0,67.8,+.007,+1.87,105.3,103.4,-2.35
Furman,35,23,12,.657,1.46,-3.75,14,4,11,3,12,8,2590,2319,1410,918,1941,.473,319,828,.385,435,624,.697,317,1211,524,245,82,451,613,67.4,109.1,.321,.427,.579,51.7,57.1,10.3,7.3,.555,16.8,28.0,.224,+5.30,107.3,102.0,65.1,-.005,-1.25,104.7,106.0,+0.61
Gardner-Webb,33,19,14,.576,-3.08,-5.71,11,7,9,5,8,8,2546,2319,1345,913,1905,.479,209,552,.379,511,819,.624,372,1259,486,291,118,474,670,71.4,106.1,.430,.290,.555,52.8,53.2,12.1,9.7,.534,17.1,31.9,.268,-0.70,102.7,103.4,70.3,-.041,-5.32,101.5,106.8,+4.83
George Mason,34,20,14,.588,3.01,1.28,9,9,10,7,7,5,2519,2437,1385,879,1962,.448,182,542,.336,579,775,.747,381,1370,398,169,96,440,570,69.2,105.2,.395,.276,.541,55.0,45.3,7.1,7.2,.494,15.9,32.0,.295,+4.57,108.6,104.0,68.1,+.030,+1.37,103.8,102.4,-3.19
George Washington,35,20,15,.571,2.37,2.11,10,8,14,3,5,8,2447,2438,1400,821,1938,.424,276,743,.371,529,710,.745,394,1279,466,192,136,453,541,67.0,104.3,.366,.383,.538,53.0,56.8,8.2,9.9,.495,16.6,32.5,.273,+3.18,108.3,105.1,65.2,+.067,+2.23,104.5,102.3,-1.13
Georgetown,32,14,18,.438,11.18,9.31,5,13,9,8,3,7,2369,2309,1290,808,1752,.461,206,590,.349,547,746,.733,305,1142,480,175,147,454,672,70.2,104.7,.426,.337,.562,50.6,59.4,7.7,11.5,.520,17.7,28.9,.312,+10.95,108.6,97.6,68.2,-.102,+10.14,111.0,100.8,+2.31
Georgia,34,19,15,.559,11.13,10.28,9,9,12,6,5,7,2435,2393,1370,836,1903,.439,175,538,.325,588,777,.757,330,1259,429,182,126,444,632,69.7,102.0,.408,.283,.536,51.5,51.3,7.6,9.8,.485,16.3,28.7,.309,+12.83,108.7,95.9,66.6,+.021,+11.14,109.7,98.6,+4.98
Georgia Southern,33,18,15,.545,-3.63,-2.83,11,7,10,4,6,11,2492,2420,1325,841,1909,.441,303,837,.362,507,763,.664,320,1147,342,224,102,388,641,70.5,106.7,.400,.438,.549,46.8,40.7,9.6,8.8,.520,14.6,26.0,.266,-0.24,106.5,106.8,68.3,+.041,-0.47,105.1,105.6,+2.25
Georgia State,33,20,13,.606,-0.33,-2.17,12,6,11,3,6,9,2442,2312,1325,885,1888,.469,246,690,.357,426,658,.647,334,1174,399,236,140,463,673,70.3,104.8,.349,.365,.555,51.6,45.1,10.1,14.0,.534,17.4,30.4,.226,+3.50,104.6,101.1,67.8,+.015,-0.80,104.5,105.3,+2.46
Georgia Tech,37,21,16,.568,7.82,8.21,8,10,16,4,3,10,2496,2472,1485,910,2079,.438,171,516,.331,505,740,.682,356,1330,570,245,221,494,592,69.3,97.0,.356,.248,.513,49.8,62.6,9.5,15.7,.479,16.9,28.0,.243,+8.37,99.0,90.7,67.5,+.046,+9.18,110.6,101.4,-4.95
Gonzaga,39,37,2,.949,25.26,4.13,17,1,15,1,10,0,3222,2398,1560,1149,2280,.504,286,749,.382,638,890,.717,378,1587,595,265,183,448,660,70.9,116.4,.390,.329,.596,54.7,51.8,9.6,11.2,.567,14.2,29.8,.280,+33.05,120.7,87.7,69.7,+.016,+0.61,104.9,104.3,+0.71
Grambling,33,16,17,.485,-17.29,-11.89,10,8,11,2,4,12,2361,2412,1340,841,1943,.433,184,581,.317,495,747,.663,398,1108,368,292,76,450,658,69.8,101.0,.384,.299,.514,47.6,43.8,12.5,6.9,.480,16.4,31.6,.255,-16.07,96.6,112.7,66.7,+.049,-11.92,97.6,109.5,-0.42
Grand Canyon,31,22,9,.710,-0.16,-4.22,11,3,15,3,5,6,2282,2103,1250,790,1812,.436,205,619,.331,497,747,.665,335,1166,423,233,79,397,539,71.2,102.6,.412,.342,.527,50.9,53.5,10.5,6.7,.493,15.5,29.1,.274,+0.23,101.3,101.1,68.4,+.078,-6.49,99.8,106.3,-7.55
Green Bay,32,18,14,.563,-2.77,-2.83,12,6,10,3,7,9,2565,2479,1295,913,2061,.443,197,612,.322,542,787,.689,387,1312,446,247,133,448,632,76.8,103.2,.382,.297,.527,51.2,48.8,9.9,10.6,.491,15.5,30.2,.263,-1.29,101.9,103.2,73.7,+.040,-2.96,103.7,106.7,-0.17
Hampton,31,14,17,.452,-13.23,-9.92,11,5,9,4,5,11,2149,2219,1250,751,1844,.407,196,620,.316,451,633,.712,371,1143,364,152,113,435,633,70.9,97.1,.343,.336,.501,50.7,48.5,6.9,10.1,.460,16.9,31.7,.245,-13.16,93.6,106.8,67.8,+.022,-10.04,98.9,109.0,+2.08
Hartford,32,9,23,.281,-15.85,-5.56,4,12,6,8,3,15,2136,2465,1295,730,1814,.402,263,777,.338,413,591,.699,292,1046,367,228,118,462,603,70.0,94.3,.326,.428,.510,45.0,50.3,10.1,9.2,.475,18.1,24.8,.228,-18.26,92.6,110.8,68.0,+.073,-5.27,102.0,107.3,-6.32
Harvard,28,18,10,.643,2.30,-2.24,10,4,11,3,7,5,2012,1842,1120,699,1564,.447,229,645,.355,385,518,.743,275,1005,403,176,133,359,531,67.5,106.5,.331,.412,.556,51.1,57.7,9.3,13.3,.520,16.6,29.2,.246,+4.84,106.7,101.9,66.6,-.070,-2.44,103.0,105.5,-0.33
Hawaii,30,14,16,.467,-6.19,-4.92,8,8,11,8,3,5,2042,2048,1210,698,1650,.423,214,658,.325,432,604,.715,287,966,418,150,57,414,570,68.3,98.9,.366,.399,.527,49.1,59.9,7.3,5.3,.488,17.6,28.3,.262,-9.02,97.0,106.0,66.7,-.012,-7.96,99.3,107.2,-5.45
High Point,31,15,16,.484,-9.06,-6.28,9,9,8,8,7,7,2133,2136,1260,732,1693,.432,196,520,.377,473,636,.744,307,1088,389,184,96,407,539,66.8,101.4,.376,.307,.535,51.2,53.1,8.7,9.4,.490,16.9,29.0,.279,-9.16,98.9,108.1,65.2,-.004,-6.08,101.1,107.2,+0.27
Hofstra,32,15,17,.469,-2.35,-1.90,7,11,7,7,6,7,2473,2454,1290,846,1908,.443,291,792,.367,490,716,.684,371,1164,419,142,82,341,544,69.0,111.1,.375,.415,.550,50.3,49.5,6.4,6.3,.520,13.2,31.1,.257,-1.30,111.1,112.4,67.1,-.035,-1.13,104.2,105.3,-2.54
Holy Cross,32,15,17,.469,-5.26,-3.51,9,9,9,5,6,12,1932,1988,1285,663,1552,.427,236,685,.345,370,534,.693,189,811,426,302,76,351,515,61.5,97.7,.344,.441,.535,42.8,64.3,15.3,9.2,.503,16.3,19.4,.238,-4.61,98.5,103.1,59.9,+.022,-3.06,101.9,105.0,+0.43
Houston,32,21,11,.656,12.20,3.42,12,6,12,4,6,5,2358,2077,1285,850,1902,.447,268,681,.394,390,544,.717,362,1138,406,170,113,315,601,65.8,111.6,.286,.358,.546,50.5,47.8,8.0,10.7,.517,12.7,31.9,.205,+14.47,114.0,99.5,64.6,-.017,+2.84,105.0,102.1,-3.01
Houston Baptist,31,17,14,.548,-7.30,-4.44,12,6,13,1,4,12,2441,2398,1240,871,1924,.453,195,574,.340,504,721,.699,425,1199,457,195,81,410,597,72.9,108.0,.375,.298,.539,54.1,52.5,8.6,7.0,.503,15.3,36.9,.262,-4.24,104.8,109.1,69.6,+.054,-3.47,102.7,106.2,+13.95
Howard,34,10,24,.294,-16.97,-7.97,5,11,6,6,2,16,2163,2433,1360,723,1856,.390,172,591,.291,547,833,.657,420,1257,307,179,126,500,636,68.4,93.0,.449,.318,.480,49.4,42.5,7.7,10.1,.436,18.2,32.5,.295,-19.55,90.5,110.1,67.6,-.022,-7.42,100.7,108.1,+8.85
IUPUI,32,14,18,.438,-4.29,-1.62,7,9,8,4,5,13,2500,2517,1290,883,1957,.451,288,743,.388,446,653,.683,348,1104,455,217,87,401,655,72.0,107.7,.334,.380,.551,49.4,51.5,9.3,7.3,.525,15.0,29.5,.228,-2.73,106.9,109.7,68.8,-.036,-0.33,105.8,106.1,+3.91
Idaho,33,19,14,.576,-5.34,-5.89,12,6,12,3,6,10,2412,2346,1350,809,1870,.433,255,694,.367,539,746,.723,362,1213,422,164,81,421,697,67.9,105.2,.399,.371,.542,52.6,52.2,7.2,7.9,.501,15.9,30.9,.288,-5.36,101.2,106.6,66.1,+.051,-6.07,102.7,108.8,-1.17
Idaho State,31,5,26,.161,-15.10,-3.37,3,15,4,7,1,16,2164,2486,1250,742,1708,.434,237,660,.359,443,648,.684,225,921,316,224,73,400,578,70.2,98.6,.379,.386,.537,44.4,42.6,10.2,6.7,.504,16.6,21.3,.259,-18.26,97.7,116.0,68.4,-.053,-2.75,104.2,106.9,+4.74
Illinois,35,20,15,.571,10.54,9.25,8,10,14,5,3,7,2508,2417,1405,898,2019,.445,270,731,.369,442,643,.687,342,1217,472,197,83,433,641,68.9,103.7,.318,.362,.539,51.2,52.6,8.1,6.5,.512,15.7,28.7,.219,+10.54,107.6,97.0,65.8,+.040,+9.15,110.0,100.9,+0.28
Illinois State,35,28,7,.800,10.30,2.71,17,1,16,1,9,4,2418,2146,1405,865,1972,.439,294,797,.369,394,593,.664,369,1293,483,250,170,427,620,65.8,104.6,.301,.404,.536,51.7,55.8,10.8,14.4,.513,15.9,30.6,.200,+14.33,106.6,92.3,64.3,+.101,+1.42,105.0,103.6,-0.35
Illinois-Chicago,36,17,19,.472,-5.95,-3.63,7,11,10,8,5,9,2749,2754,1455,939,2113,.444,272,746,.365,599,843,.711,422,1429,524,197,183,589,678,74.0,102.2,.399,.353,.547,52.1,55.8,7.3,11.1,.509,19.0,32.2,.283,-6.93,100.9,107.8,71.3,-.002,-4.04,101.6,105.7,-5.14
Incarnate Word,29,12,17,.414,-12.14,-5.62,7,11,10,5,2,12,2212,2320,1165,736,1617,.455,233,601,.388,507,731,.694,229,950,362,168,136,391,583,73.3,103.6,.452,.372,.563,45.7,49.2,7.9,10.4,.527,16.6,22.6,.314,-12.78,101.5,114.3,71.2,+.032,-5.10,101.3,106.4,+4.33
Indiana,34,18,16,.529,14.63,8.16,7,11,14,4,2,8,2711,2491,1390,959,2004,.479,295,776,.380,498,683,.729,413,1328,488,209,157,517,682,69.5,112.3,.341,.387,.582,55.1,50.9,8.7,11.8,.552,18.2,36.3,.249,+15.14,116.6,101.5,67.9,-.085,+9.15,109.6,100.5,-5.02
Indiana State,31,11,20,.355,-1.02,3.18,5,13,8,6,3,10,2170,2255,1275,762,1832,.416,254,727,.349,392,576,.681,264,1111,417,204,126,396,660,70.1,97.2,.314,.397,.515,46.7,54.7,9.1,10.1,.485,15.8,22.2,.214,-2.74,99.5,102.2,69.2,-.009,+2.79,105.2,102.4,+1.97
Iona,35,22,13,.629,1.08,-2.47,12,8,8,4,7,7,2813,2689,1415,979,2155,.454,342,862,.397,513,668,.768,338,1250,541,239,108,421,669,72.3,110.0,.310,.400,.569,48.2,55.3,9.3,7.7,.534,14.6,27.0,.238,+4.00,110.3,106.3,70.2,+.011,-2.57,103.4,105.9,+0.27
Iowa,34,19,15,.559,10.01,7.54,10,8,15,5,3,7,2738,2654,1395,964,2121,.455,300,791,.379,510,741,.688,408,1306,602,252,130,472,608,72.8,107.8,.349,.373,.554,50.1,62.4,9.9,9.4,.525,16.0,31.8,.240,+10.61,112.4,101.8,70.8,+.020,+7.62,108.3,100.6,-3.29
Iowa State,35,24,11,.686,20.51,11.94,12,6,12,3,5,6,2829,2529,1425,1031,2186,.472,344,860,.400,423,604,.700,318,1219,553,272,124,355,557,70.6,112.5,.276,.393,.572,47.7,53.6,10.8,8.9,.550,12.6,25.6,.194,+23.11,119.6,96.5,67.8,-.010,+13.66,112.1,98.4,-0.28
Jackson State,32,14,18,.438,-15.42,-11.55,10,8,10,4,4,13,2066,2142,1290,716,1860,.385,217,730,.297,417,619,.674,425,1162,350,197,83,390,648,65.9,97.2,.333,.392,.480,51.5,48.9,9.3,8.0,.443,15.3,34.3,.224,-16.19,92.7,108.9,63.9,+.032,-11.40,98.2,109.6,+2.53
Jacksonville,33,17,16,.515,-10.21,-8.45,5,9,7,7,8,9,2557,2477,1325,878,1885,.466,327,812,.403,474,644,.736,302,1081,445,265,63,424,620,70.4,109.6,.342,.431,.584,49.5,50.7,11.4,5.7,.553,16.2,27.3,.251,-9.23,102.6,111.8,67.2,+.017,-7.20,102.7,109.9,-8.79
Jacksonville State,35,20,15,.571,-2.85,-3.24,9,7,5,5,10,9,2434,2378,1410,857,1869,.459,258,685,.377,462,647,.714,355,1244,493,157,134,477,628,65.3,105.7,.346,.367,.559,52.7,57.5,6.8,10.8,.528,18.0,31.5,.247,+0.58,105.4,104.8,63.2,+.029,-2.10,104.0,106.1,+1.07
James Madison,33,10,23,.303,-5.64,-1.83,7,11,6,9,3,13,2194,2299,1335,770,1733,.444,208,629,.331,446,622,.717,310,1133,385,194,89,467,665,65.8,100.0,.359,.363,.541,52.5,50.0,8.8,8.8,.504,18.7,29.2,.257,-5.17,98.9,104.0,63.5,-.065,-0.41,106.0,106.4,-2.34
Kansas,36,31,5,.861,23.53,12.23,16,2,14,1,10,1,2995,2588,1455,1071,2193,.488,318,787,.404,535,789,.678,428,1393,584,250,162,456,639,71.4,115.4,.360,.359,.583,53.0,54.5,9.6,11.2,.561,15.1,33.9,.244,+25.98,120.8,94.9,69.9,+.074,+12.26,111.1,98.8,+2.75
Kansas State,35,21,14,.600,14.80,10.48,8,10,11,5,5,6,2523,2372,1405,869,1883,.461,247,683,.362,538,775,.694,330,1132,521,271,130,453,630,67.5,106.4,.412,.363,.560,49.2,60.0,11.4,10.3,.527,16.8,29.5,.286,+17.55,112.1,94.5,65.7,-.040,+10.96,109.9,99.0,-4.89
Kennesaw State,32,14,18,.438,-8.44,-5.97,7,7,8,5,6,13,2401,2456,1280,892,1932,.462,206,495,.416,411,595,.691,358,1146,507,163,95,431,613,71.5,105.0,.308,.256,.542,51.0,56.8,7.1,7.4,.515,16.3,31.3,.213,-7.28,102.6,109.9,68.9,+.000,-4.29,103.8,108.1,-3.09
Kent State,36,22,14,.611,0.88,-1.63,10,8,10,6,7,5,2772,2628,1465,986,2302,.428,257,803,.320,543,755,.719,539,1454,449,230,134,465,685,70.7,107.0,.328,.349,.521,54.0,45.5,8.9,9.7,.484,14.9,38.7,.236,+1.73,104.4,102.7,67.9,+.022,-2.28,103.9,106.2,-5.54
Kentucky,38,32,6,.842,23.88,10.49,16,2,15,2,7,3,3225,2716,1525,1134,2396,.473,267,757,.353,690,980,.704,470,1512,585,229,200,443,716,74.3,113.8,.409,.316,.564,53.2,51.6,8.1,13.0,.529,13.4,33.2,.288,+27.27,119.2,91.9,72.4,+.008,+9.79,109.4,99.6,+3.93
La Salle,30,15,15,.500,1.91,2.94,9,9,11,4,4,8,2266,2297,1220,761,1666,.457,255,700,.364,489,638,.766,249,973,425,191,64,393,559,69.1,107.4,.383,.420,.575,49.4,55.8,9.1,6.0,.533,16.6,25.6,.294,+1.94,110.6,108.7,68.2,+.028,+2.57,105.0,102.5,+1.42
Lafayette,30,9,21,.300,-14.68,-3.50,5,13,5,10,4,11,1995,2282,1205,712,1655,.430,221,662,.334,350,492,.711,205,956,378,148,85,436,514,70.3,94.2,.297,.400,.528,46.1,53.1,7.0,8.5,.497,18.8,20.0,.211,-17.24,96.1,113.4,68.8,+.059,-3.93,100.9,104.8,-3.81
Lamar,34,19,15,.559,-7.36,-7.93,10,8,12,3,6,11,2623,2434,1375,907,1977,.459,265,732,.362,544,813,.669,389,1189,481,271,95,455,733,70.7,108.0,.411,.370,.555,50.6,53.0,11.2,7.5,.526,16.1,31.9,.275,-5.58,103.3,108.8,67.5,-.007,-7.31,100.0,107.4,-3.68
Lehigh,32,20,12,.625,1.54,-3.30,12,6,12,2,8,10,2432,2261,1295,857,1788,.479,270,689,.392,448,580,.772,232,1100,467,215,99,450,539,70.4,106.7,.324,.385,.589,51.7,54.5,9.4,8.5,.555,17.9,23.4,.251,+3.81,107.2,103.4,69.2,-.034,-2.64,101.7,104.4,+3.66
Liberty,35,21,14,.600,-5.51,-6.16,14,4,14,5,7,8,2331,2220,1415,779,1787,.436,319,888,.359,454,612,.742,173,990,453,229,65,363,670,64.3,102.5,.342,.497,.561,45.6,58.2,10.1,6.6,.525,14.9,15.7,.254,-3.91,99.8,103.7,62.3,+.037,-6.32,101.8,108.1,+3.37
Lipscomb,33,20,13,.606,-1.55,-4.45,11,3,11,5,9,6,2804,2562,1325,939,1978,.475,340,928,.366,586,811,.723,340,1213,599,218,104,500,702,76.0,111.4,.410,.469,.593,50.9,63.8,8.7,8.2,.561,17.5,29.6,.296,+0.33,107.2,106.9,73.7,-.017,-4.29,103.3,107.6,+1.14
Little Rock,32,15,17,.469,-6.07,-3.80,6,12,9,6,4,9,2188,2185,1290,775,1749,.443,207,599,.346,431,582,.741,305,1058,379,183,120,412,591,66.1,102.7,.333,.342,.540,50.6,48.9,8.6,11.7,.502,16.9,28.8,.246,-6.61,98.3,104.9,62.8,+.023,-3.49,103.9,107.3,-7.18
Long Beach State,34,15,19,.441,-5.98,-0.60,9,7,10,2,3,15,2549,2666,1385,895,2035,.440,216,616,.351,543,750,.724,396,1212,447,199,92,488,682,71.5,102.9,.369,.303,.533,49.5,49.9,8.0,6.9,.493,16.9,31.7,.267,-5.59,104.6,110.2,69.1,+.036,-1.46,102.9,104.4,+12.77
Long Island University,32,20,12,.625,-7.80,-8.51,13,5,8,5,9,6,2278,2218,1295,803,1846,.435,184,534,.345,488,710,.687,423,1242,350,186,107,460,641,68.5,102.8,.385,.289,.522,54.0,43.6,8.4,9.2,.485,17.4,36.8,.264,-7.65,100.1,107.7,66.5,+.081,-9.54,98.6,108.2,-5.13
Longwood,30,6,24,.200,-21.23,-6.16,3,15,5,9,1,15,2018,2408,1200,738,1660,.445,186,568,.327,356,487,.731,218,922,324,175,124,456,539,71.0,94.7,.293,.342,.533,44.7,43.9,8.2,10.3,.501,19.4,21.8,.214,-25.12,92.2,117.3,70.0,+.017,-5.46,101.6,107.0,+0.05
Louisiana,33,21,12,.636,-0.64,-3.28,10,8,12,4,8,7,2704,2518,1325,945,2022,.467,231,673,.343,583,839,.695,442,1252,475,233,91,440,621,73.3,111.4,.415,.333,.559,54.2,50.3,9.6,7.1,.524,15.4,36.7,.288,+1.72,111.2,109.5,71.8,+.034,-2.00,102.9,104.9,-3.89
Louisiana State,31,10,21,.323,0.53,8.69,2,16,8,8,1,10,2319,2572,1240,853,1893,.451,196,584,.336,417,599,.696,355,1115,397,186,110,451,593,73.2,102.2,.316,.309,.532,49.4,46.5,8.2,9.4,.502,17.2,30.9,.220,-0.50,109.4,109.9,71.4,+.008,+9.25,108.6,99.4,+3.50
Louisiana Tech,33,23,10,.697,5.20,-4.35,14,4,15,2,6,7,2557,2203,1325,911,1952,.467,257,711,.361,478,674,.709,335,1244,543,223,176,407,519,70.8,109.1,.345,.364,.563,52.4,59.6,9.5,13.7,.533,15.2,29.1,.245,+7.00,107.9,100.9,68.1,-.062,-5.50,100.9,106.4,-6.01
Louisiana-Monroe,33,9,24,.273,-7.88,-2.56,2,16,6,8,2,12,2198,2299,1350,814,1916,.425,237,713,.332,333,498,.669,347,1174,443,154,73,433,576,66.1,98.6,.260,.372,.511,50.4,54.4,6.9,6.0,.487,16.7,29.7,.174,-8.17,98.4,106.5,64.6,-.116,-0.89,103.9,104.8,-3.27
Louisville,34,25,9,.735,22.47,11.15,12,6,16,1,5,5,2628,2243,1370,952,2085,.457,238,670,.355,486,708,.686,457,1343,461,227,186,374,652,68.5,112.0,.340,.321,.543,54.1,48.4,9.7,15.2,.514,13.4,36.6,.233,+26.72,117.1,90.4,67.6,-.011,+12.20,111.9,99.7,+4.62
Loyola (IL),32,18,14,.563,5.15,1.02,8,10,13,3,3,9,2348,2137,1300,852,1754,.486,259,665,.389,385,543,.709,218,1000,474,218,76,377,545,66.9,108.0,.310,.379,.584,49.2,55.6,10.0,6.7,.560,15.8,22.1,.219,+6.50,108.9,102.4,65.2,-.104,-0.20,103.4,103.6,-4.13
Loyola (MD),33,16,17,.485,-6.32,-3.60,8,10,10,4,6,11,2175,2249,1330,753,1791,.420,177,538,.329,492,711,.692,381,1113,385,240,113,496,636,67.2,97.3,.397,.300,.511,51.3,51.1,10.7,9.6,.470,18.9,33.1,.275,-7.31,98.6,106.0,65.1,+.079,-3.71,101.6,105.3,+0.55
Loyola Marymount,30,15,15,.500,-0.47,1.60,8,10,10,7,5,7,2113,2125,1205,779,1755,.444,217,614,.353,338,545,.620,332,1022,444,228,120,395,610,69.0,101.7,.311,.350,.525,49.5,57.0,11.0,11.6,.506,16.4,30.7,.193,-0.02,103.2,103.2,66.8,+.025,+0.52,105.1,104.6,-4.89
Maine,32,7,25,.219,-16.33,-4.01,3,13,4,9,3,14,2069,2400,1280,746,1852,.403,212,665,.319,365,558,.654,325,1122,377,165,63,419,562,69.2,93.5,.301,.359,.489,48.5,50.5,7.5,5.2,.460,16.5,26.9,.197,-19.48,91.1,110.6,67.5,+.005,-3.33,103.5,106.8,-2.69
Manhattan,32,10,22,.313,-9.67,-2.61,5,15,7,7,3,13,2259,2485,1305,754,1813,.416,209,636,.329,542,743,.729,355,1118,350,224,103,530,790,71.8,96.5,.410,.351,.521,49.8,46.4,9.6,8.7,.474,19.7,30.8,.299,-10.85,96.8,107.7,68.4,-.000,-2.31,103.5,105.8,-0.56
Marist,32,8,24,.250,-12.33,-2.74,5,15,5,8,2,14,2223,2530,1290,749,1747,.429,245,736,.333,480,662,.725,235,998,352,146,83,409,628,69.1,99.8,.379,.421,.539,44.8,47.0,6.6,6.7,.499,16.6,21.6,.275,-13.89,100.6,114.5,66.4,+.013,-1.91,104.1,106.0,-0.12
Marquette,32,19,13,.594,15.26,8.60,10,8,14,3,4,6,2631,2418,1285,919,1888,.487,336,783,.429,457,585,.781,280,1058,525,231,115,396,620,71.1,115.2,.310,.415,.607,49.6,57.1,10.1,9.3,.576,15.5,27.0,.242,+17.57,121.0,103.4,69.6,-.062,+8.94,109.1,100.1,-1.84
Marshall,35,20,15,.571,0.18,-1.05,10,8,13,3,4,11,2997,2939,1415,1021,2237,.456,356,962,.370,599,816,.734,325,1291,576,211,140,433,643,77.3,109.5,.365,.430,.571,46.7,56.4,7.7,8.3,.536,14.2,24.4,.268,+1.16,110.8,109.6,77.2,+.027,-1.05,103.4,104.4,+1.16
Maryland,33,24,9,.727,12.79,8.29,12,6,13,5,8,2,2438,2246,1325,827,1840,.449,272,757,.359,512,732,.699,351,1173,472,180,154,426,613,68.1,108.1,.398,.411,.557,50.3,57.1,8.0,11.9,.523,16.3,31.1,.278,+14.83,113.6,98.8,66.7,+.064,+7.66,107.9,100.3,-0.95
Maryland-Baltimore County,34,21,13,.618,-3.84,-5.87,9,7,13,5,8,8,2759,2624,1390,957,2041,.469,330,840,.393,515,691,.745,307,1199,507,224,80,411,625,71.3,111.4,.339,.412,.582,49.9,53.0,9.0,6.4,.550,14.8,25.8,.252,-2.22,108.3,110.6,70.0,+.009,-5.17,101.8,106.9,-3.02
Maryland-Eastern Shore,34,14,20,.412,-13.77,-7.61,9,7,7,4,5,14,2424,2583,1380,854,2013,.424,262,765,.342,456,668,.683,337,1142,449,193,89,425,665,69.8,100.6,.332,.380,.520,46.4,52.6,8.0,7.5,.489,15.4,26.7,.227,-14.60,97.9,112.5,68.0,+.039,-6.90,101.0,107.9,+9.26
Massachusetts,33,15,18,.455,1.63,1.66,4,14,11,7,3,10,2371,2372,1320,847,1939,.437,234,789,.297,443,671,.660,333,1185,529,250,169,489,722,73.0,98.5,.346,.407,.525,49.3,62.5,10.4,13.2,.497,17.8,28.1,.228,+0.81,100.7,99.9,71.4,-.042,+1.30,105.0,103.7,-4.17
Massachusetts-Lowell,31,11,20,.355,-10.13,-6.40,5,11,8,6,2,14,2429,2517,1255,877,1825,.481,258,662,.390,417,567,.735,280,1038,495,171,64,474,622,73.0,106.0,.311,.363,.580,49.0,56.4,7.5,5.4,.551,18.5,27.2,.228,-11.39,104.2,115.6,71.3,-.036,-6.25,101.1,107.4,-6.60
McNeese State,29,7,22,.241,-14.28,-4.12,4,14,4,10,3,12,2043,2292,1165,715,1697,.421,195,587,.332,418,610,.685,285,977,302,159,91,403,573,72.4,96.9,.359,.346,.514,45.0,42.2,7.5,7.5,.479,16.9,26.0,.246,-14.07,96.1,110.2,69.5,-.057,-3.19,103.3,106.5,+8.66
Memphis,32,19,13,.594,6.47,3.19,9,9,14,4,4,7,2367,2262,1290,852,1926,.442,181,613,.295,482,706,.683,373,1172,508,221,150,368,534,70.0,104.9,.367,.318,.523,50.2,59.6,9.8,13.0,.489,14.0,31.6,.250,+6.06,107.1,101.0,67.9,+.026,+1.92,104.6,102.7,-4.53
Mercer,32,15,17,.469,-1.12,-0.92,9,9,8,7,6,7,2269,2184,1295,787,1774,.444,244,698,.350,449,574,.782,367,1174,433,134,74,367,546,63.5,110.4,.324,.393,.554,54.0,55.0,6.5,7.5,.512,15.2,35.0,.253,+1.74,109.7,107.9,61.2,-.064,+0.75,105.7,104.9,+4.24
Miami (FL),33,21,12,.636,14.48,9.57,10,8,14,2,4,6,2278,2116,1325,813,1800,.452,209,587,.356,443,617,.718,363,1176,389,213,125,417,513,64.7,106.3,.343,.326,.544,53.0,47.8,9.9,10.5,.510,16.6,33.4,.246,+16.96,110.4,93.4,62.6,+.030,+10.12,111.0,100.9,-4.08
Miami (OH),32,11,21,.344,-8.16,-2.10,4,14,10,8,1,13,2249,2384,1290,787,1815,.434,199,647,.308,476,689,.691,298,1091,364,238,125,467,642,71.6,97.4,.380,.356,.525,47.1,46.3,10.3,11.8,.488,17.9,25.6,.262,-10.09,95.8,105.9,68.1,+.052,-2.08,104.4,106.5,-6.50
Michigan,38,26,12,.684,18.80,10.17,10,8,15,3,3,8,2851,2523,1535,1002,2076,.483,361,937,.385,486,624,.779,280,1111,527,220,108,348,571,63.8,116.5,.301,.451,.601,47.9,52.6,9.0,7.4,.570,12.8,24.5,.234,+22.62,121.7,99.0,62.5,-.031,+9.68,109.2,99.5,-0.28
Michigan State,35,20,15,.571,13.67,10.50,10,8,14,2,2,7,2515,2404,1405,905,1927,.470,273,732,.373,432,646,.669,328,1275,591,151,162,490,699,68.2,105.1,.335,.380,.563,52.6,65.3,6.3,11.9,.540,18.0,29.1,.224,+14.98,110.6,95.6,66.3,-.012,+10.67,110.2,99.5,+4.19
Middle Tennessee,36,31,5,.861,9.80,-0.48,17,1,13,2,11,2,2697,2299,1445,1014,2077,.488,228,622,.367,441,631,.699,355,1273,552,242,100,374,655,66.4,112.4,.304,.299,.567,53.9,54.4,10.1,8.3,.543,13.6,30.7,.212,+14.65,111.6,97.0,63.9,+.012,-1.72,103.9,105.6,+4.12
Milwaukee,35,11,24,.314,-7.37,-2.17,4,14,5,8,2,13,2347,2494,1430,860,1949,.441,272,782,.348,355,538,.660,280,1107,467,164,53,409,641,65.3,100.6,.276,.401,.532,48.5,54.3,7.0,4.6,.511,15.6,24.1,.182,-8.53,99.8,108.4,62.1,-.023,-1.28,104.1,105.4,+2.37
Minnesota,34,24,10,.706,14.56,8.82,11,7,17,3,5,5,2556,2361,1390,887,2037,.435,209,610,.343,573,806,.711,378,1341,507,194,227,393,577,70.3,104.6,.396,.299,.528,50.5,57.2,7.9,15.9,.487,14.0,29.6,.281,+16.59,109.6,93.0,69.0,+.028,+8.15,108.8,100.6,-1.39
Mississippi,36,22,14,.611,9.65,7.99,10,8,13,6,6,6,2807,2747,1450,914,2162,.423,283,815,.347,696,926,.752,458,1422,465,243,149,516,702,73.4,105.4,.428,.377,.539,52.0,50.9,9.1,11.3,.488,16.5,33.8,.322,+9.37,110.1,100.8,71.1,+.059,+6.78,107.5,100.7,-0.36
Mississippi State,32,16,16,.500,7.12,5.90,6,12,10,7,2,8,2320,2281,1285,821,1849,.444,247,711,.347,431,627,.687,310,1130,386,239,131,433,638,70.8,102.0,.339,.385,.540,48.9,47.0,10.5,10.7,.511,16.8,27.2,.233,+6.85,106.4,99.6,68.5,-.032,+5.16,106.0,100.9,-6.03
Mississippi Valley State,32,7,25,.219,-20.54,-7.11,7,11,5,4,2,20,2235,2665,1295,818,1942,.421,174,508,.343,423,651,.650,385,1108,374,218,60,460,624,72.1,95.8,.335,.262,.496,47.0,45.7,9.3,5.2,.466,17.0,30.4,.218,-22.45,95.8,118.2,70.8,+.025,-6.62,100.5,107.1,+11.83
Missouri,32,8,24,.250,2.98,6.73,2,16,6,11,0,9,2213,2333,1290,744,1893,.393,225,739,.304,500,732,.683,357,1168,386,200,68,384,647,70.5,97.4,.387,.390,.494,48.1,51.9,8.8,6.2,.452,14.6,28.2,.264,+0.23,101.3,101.1,67.5,-.160,+6.64,107.9,101.2,-4.89
Missouri State,33,17,16,.515,2.84,1.18,7,11,11,6,4,8,2403,2277,1345,838,1895,.442,270,744,.363,457,652,.701,377,1212,403,176,127,406,585,66.4,107.6,.344,.393,.545,54.2,48.1,7.9,10.7,.513,15.6,33.2,.241,+2.28,108.3,106.0,65.6,-.055,+0.02,103.7,103.6,-6.09
Missouri-Kansas City,35,18,17,.514,-4.97,-1.06,8,6,12,5,4,10,2691,2753,1405,911,2076,.439,315,848,.371,554,777,.713,353,1213,451,236,92,510,772,74.5,102.9,.374,.408,.550,47.9,49.5,9.0,7.0,.515,17.3,27.6,.267,-5.39,102.5,107.9,70.4,+.065,-2.21,103.1,105.3,+0.92
Monmouth,34,27,7,.794,4.94,-2.62,18,2,13,2,12,4,2761,2504,1375,929,2127,.437,303,813,.373,600,793,.757,380,1310,431,235,155,425,697,74.2,108.3,.373,.382,.551,50.2,46.4,9.2,11.9,.508,14.5,29.7,.282,+8.77,108.9,100.1,72.0,+.080,-2.94,103.3,106.2,+2.07
Montana,32,16,16,.500,-2.67,-4.02,11,7,8,5,7,8,2391,2348,1290,843,1879,.449,238,667,.357,467,621,.752,310,1084,416,181,91,345,699,68.7,107.8,.330,.355,.550,50.0,49.3,8.2,7.9,.512,13.7,28.0,.249,-2.45,106.0,108.5,66.2,-.051,-5.05,103.2,108.2,+0.67
Montana State,32,16,16,.500,-6.14,-5.88,11,7,12,5,4,10,2561,2532,1320,857,1968,.435,320,853,.375,527,722,.730,336,1167,423,181,74,393,732,71.7,108.3,.367,.433,.554,49.6,49.4,7.7,6.6,.517,14.5,27.8,.268,-6.71,103.0,109.7,68.8,-.025,-6.63,103.3,109.9,-2.62
Morehead State,30,14,16,.467,-3.60,-1.85,10,6,10,4,4,11,2370,2311,1215,878,1906,.461,219,568,.386,395,544,.726,396,1129,482,202,95,404,633,71.8,108.6,.285,.298,.547,53.5,54.9,9.3,9.4,.518,15.7,35.7,.207,-3.11,106.8,109.9,68.1,-.005,-0.78,105.2,105.9,+4.76
Morgan State,30,14,16,.467,-15.03,-11.20,11,5,9,5,5,10,2025,2121,1210,691,1793,.385,159,541,.294,484,681,.711,424,1168,322,170,101,420,602,70.3,95.2,.380,.302,.478,50.8,46.6,8.0,8.9,.430,16.6,34.8,.270,-15.34,91.2,106.5,67.2,+.038,-12.25,98.2,110.4,-2.95
Mount St. Mary's,36,20,16,.556,-4.29,-3.51,14,4,11,4,8,11,2446,2474,1445,877,1977,.444,261,730,.358,431,640,.673,276,1082,403,222,142,472,640,68.4,99.1,.324,.369,.536,44.5,46.0,9.0,9.6,.510,17.1,23.0,.218,-4.23,98.9,103.2,66.5,+.060,-5.29,101.5,106.8,+11.70
Murray State,33,16,17,.485,-3.06,-4.41,8,8,10,4,3,11,2639,2543,1350,899,2040,.441,289,803,.360,552,751,.735,399,1243,458,198,75,403,659,71.1,110.1,.368,.394,.551,50.9,50.9,8.3,6.1,.512,14.4,31.8,.271,-2.69,107.1,109.8,68.2,-.087,-3.88,103.5,107.4,+0.11
NJIT,31,11,20,.355,-10.12,-4.22,3,11,8,4,2,15,2253,2320,1245,786,1857,.423,258,775,.333,421,599,.703,343,1134,395,203,89,418,599,71.5,101.2,.323,.417,.526,52.0,50.3,9.1,8.1,.493,16.3,30.1,.227,-10.39,98.7,109.1,67.1,+.029,-3.00,104.8,107.7,-0.05
Navy,32,16,16,.500,-4.11,-3.92,10,8,11,5,5,9,2076,2055,1285,735,1740,.422,206,670,.307,400,624,.641,424,1134,433,227,66,464,594,64.9,99.5,.359,.385,.510,54.2,58.9,10.9,7.1,.482,18.6,37.2,.230,-3.78,99.7,103.4,63.8,-.012,-4.20,101.4,105.6,-2.86
Nebraska,31,12,19,.387,6.47,10.74,6,12,8,8,3,8,2168,2264,1260,793,1906,.416,179,560,.320,403,568,.710,411,1187,354,211,116,411,577,69.2,99.5,.298,.294,.498,51.3,44.6,9.7,9.7,.463,15.9,33.9,.211,+5.16,105.1,99.9,67.6,+.011,+11.71,111.1,99.4,+7.20
Nevada,35,28,7,.800,10.49,2.03,14,4,13,1,8,4,2792,2496,1405,933,2082,.448,320,837,.382,606,859,.705,386,1351,559,189,152,386,581,70.9,112.0,.413,.402,.561,52.4,59.9,7.6,11.0,.525,13.4,30.3,.291,+13.34,114.5,101.2,69.3,+.059,+0.83,104.1,103.2,-0.96
Nevada-Las Vegas,32,11,21,.344,-3.75,2.59,4,14,9,10,2,9,2202,2405,1295,747,1893,.395,213,666,.320,495,711,.696,365,1210,412,189,85,410,539,70.4,96.6,.376,.352,.494,49.9,55.2,8.3,6.6,.451,15.5,28.9,.261,-7.27,98.1,105.4,67.9,-.007,+0.94,105.1,104.1,-3.99
New Hampshire,32,20,12,.625,-3.57,-4.46,10,6,11,4,9,8,2277,2118,1300,783,1787,.438,256,727,.352,455,628,.725,324,1227,398,129,59,401,505,66.8,104.8,.351,.407,.546,54.3,50.8,5.9,5.0,.510,16.1,29.3,.255,-0.66,102.4,103.1,65.0,+.063,-4.15,102.6,106.8,-0.30
New Mexico,31,17,14,.548,3.04,2.07,10,8,11,4,5,7,2283,2253,1245,778,1693,.460,145,444,.327,582,780,.746,274,1071,419,189,109,403,611,70.5,104.0,.461,.262,.553,50.5,53.9,8.6,10.3,.502,16.3,27.0,.344,+3.27,106.4,103.1,68.4,+.024,+2.21,105.2,103.0,-1.03
New Mexico State,34,28,6,.824,4.66,-3.82,11,3,17,1,8,4,2678,2310,1365,913,1957,.467,252,747,.337,600,843,.712,436,1339,505,166,128,465,627,70.0,112.1,.431,.382,.568,54.4,55.3,6.9,9.6,.531,16.5,36.7,.307,+7.32,110.0,102.7,67.1,+.057,-5.78,100.1,105.9,-4.50
New Orleans,32,20,12,.625,-4.10,-5.34,13,5,11,3,7,8,2331,2215,1300,830,1755,.473,139,438,.317,532,749,.710,386,1140,500,252,97,534,562,69.5,103.2,.427,.250,.552,52.9,60.2,11.2,8.6,.513,20.2,36.7,.303,-0.52,100.8,101.3,65.8,+.065,-5.23,102.4,107.6,+8.41
Niagara,33,10,23,.303,-8.34,-4.37,6,14,5,8,3,13,2448,2579,1335,846,2035,.416,244,667,.366,512,683,.750,389,1260,416,172,152,428,604,71.8,102.2,.336,.328,.519,49.8,49.2,7.2,11.2,.476,15.4,30.6,.252,-8.14,101.2,109.4,68.5,-.067,-3.56,102.9,106.5,-4.43
Nicholls State,31,14,17,.452,-14.57,-5.23,7,11,10,3,4,14,2316,2464,1255,771,1804,.427,278,805,.345,496,671,.739,303,1020,430,234,190,451,599,72.2,102.2,.372,.446,.546,45.3,55.8,10.3,15.4,.504,17.5,26.8,.275,-13.75,100.4,114.2,69.0,+.089,-3.58,103.0,106.6,+8.59
Norfolk State,34,17,17,.500,-12.07,-8.57,12,4,10,2,5,12,2374,2430,1380,827,1949,.424,225,663,.339,495,727,.681,365,1307,375,173,180,502,705,70.6,97.5,.373,.340,.517,51.2,45.3,7.1,14.5,.482,18.0,29.7,.254,-11.76,94.2,106.0,68.4,+.069,-9.09,99.8,108.9,+6.13
North Carolina,40,33,7,.825,24.84,11.76,14,4,16,0,6,5,3377,2824,1605,1226,2633,.466,283,798,.355,642,916,.701,630,1748,722,283,139,473,711,72.6,116.0,.348,.303,.550,58.2,58.9,9.7,9.7,.519,13.4,41.3,.244,+28.01,122.1,94.1,70.3,+.006,+12.14,111.6,99.5,+4.11
North Carolina A&T,32,3,29,.094,-23.07,-9.61,1,15,3,10,0,18,2056,2435,1300,728,1716,.424,200,610,.328,400,587,.681,351,1102,352,144,69,466,629,65.1,97.3,.342,.355,.515,49.8,48.4,6.8,6.4,.483,18.9,32.2,.233,-27.47,95.5,123.0,62.3,-.086,-8.89,98.9,107.8,+0.55
North Carolina Central,34,25,9,.735,-3.18,-12.12,13,3,11,2,11,6,2542,2159,1360,910,2005,.454,255,761,.335,467,684,.683,397,1313,480,209,112,406,587,68.8,108.7,.341,.380,.546,51.7,52.7,8.9,8.7,.517,14.8,32.9,.233,+1.03,102.9,101.9,66.0,-.042,-12.27,97.8,110.1,-0.32
North Carolina State,32,15,17,.469,6.09,8.09,4,14,11,7,2,8,2483,2547,1290,888,1898,.468,226,635,.356,481,687,.700,329,1161,457,162,140,428,582,71.9,107.1,.362,.335,.558,50.1,51.5,7.0,10.7,.527,16.1,29.8,.253,+5.65,112.9,107.2,69.9,+.019,+8.51,108.9,100.4,-5.80
North Carolina-Asheville,33,23,10,.697,0.84,-5.61,15,3,13,1,10,8,2544,2261,1345,908,1908,.476,264,670,.394,464,681,.681,281,1096,512,306,64,384,553,69.5,108.9,.357,.351,.570,49.0,56.4,13.1,5.8,.545,14.7,25.0,.243,+5.75,107.6,101.9,67.6,+.017,-4.97,101.8,106.8,+7.02
North Carolina-Greensboro,35,25,10,.714,-0.10,-2.63,14,4,13,4,8,5,2628,2424,1400,947,2043,.464,308,807,.382,426,603,.706,405,1243,525,245,133,474,638,68.4,109.8,.295,.395,.564,52.6,55.4,10.2,10.9,.539,16.9,34.8,.209,+3.61,107.8,104.1,66.1,+.118,-1.61,104.6,106.2,-1.00
North Carolina-Wilmington,35,29,6,.829,8.06,-0.55,15,3,13,1,11,3,2967,2624,1405,1071,2231,.480,336,917,.366,489,708,.691,422,1261,564,234,115,363,699,71.5,118.1,.317,.411,.578,51.6,52.7,9.3,8.2,.555,12.4,32.8,.219,+12.39,117.8,105.4,69.7,+.051,+0.15,105.0,104.9,+2.46
North Dakota,32,22,10,.688,-1.83,-5.45,14,4,11,2,7,6,2578,2357,1300,926,1919,.483,228,585,.390,498,698,.713,297,1146,487,251,93,419,672,72.9,108.8,.364,.305,.573,50.5,52.6,10.6,7.5,.542,15.7,26.8,.260,-0.32,102.9,103.2,70.9,+.047,-6.51,102.4,108.9,+3.07
North Dakota State,30,19,11,.633,-1.31,-2.63,11,5,11,2,7,7,2244,2146,1215,775,1693,.458,232,630,.368,462,650,.711,258,1047,365,183,111,348,501,68.8,107.4,.384,.372,.561,50.0,47.1,8.8,10.1,.526,14.8,25.7,.273,+0.16,104.5,104.3,66.3,+.081,-1.66,105.6,107.3,+0.63
North Florida,34,15,19,.441,-7.78,-1.65,8,6,10,5,4,13,2637,2674,1360,926,2025,.457,295,841,.351,490,748,.655,423,1321,447,185,143,542,639,73.3,105.8,.369,.415,.554,51.9,48.3,7.4,10.0,.530,18.5,34.2,.242,-7.57,101.8,109.4,69.4,+.025,-0.17,106.0,106.1,+6.86
North Texas,30,8,22,.267,-11.14,-3.32,2,16,7,11,1,11,2075,2258,1205,740,1747,.424,186,582,.320,409,633,.646,300,1075,338,199,95,410,567,71.6,96.2,.362,.333,.507,48.0,45.7,9.2,8.4,.477,16.7,26.9,.234,-14.52,96.3,110.8,69.7,-.080,-4.41,101.5,106.0,-7.93
Northeastern,31,15,16,.484,-0.78,-0.91,8,10,7,4,7,10,2234,2230,1255,767,1682,.456,267,728,.367,433,636,.681,264,1039,414,170,112,390,522,67.2,105.9,.378,.433,.563,49.7,54.0,8.1,9.9,.535,16.4,25.6,.257,+0.63,107.1,106.4,65.6,-.014,+1.17,105.3,104.1,+2.55
Northern Arizona,32,9,23,.281,-13.92,-5.95,6,12,5,7,2,12,2217,2436,1285,769,1892,.406,239,746,.320,440,644,.683,382,1218,440,142,63,465,590,71.1,97.0,.340,.394,.504,51.5,57.2,6.2,5.4,.470,17.5,31.2,.233,-15.64,95.0,110.7,68.7,-.016,-6.25,101.7,107.9,-3.37
Northern Colorado,29,11,18,.379,-9.27,-4.20,7,11,6,6,4,11,2075,2167,1170,732,1666,.439,254,732,.347,357,590,.605,310,1075,392,147,64,407,563,70.5,100.7,.354,.439,.533,50.7,53.6,7.1,6.1,.516,17.3,28.1,.214,-10.60,96.5,107.1,68.0,-.026,-4.29,103.7,108.0,+8.86
Northern Illinois,32,15,17,.469,-3.29,-2.05,7,11,9,8,6,9,2310,2261,1310,828,1891,.438,161,516,.312,493,728,.677,400,1211,347,226,80,429,618,69.3,101.8,.385,.273,.516,52.2,41.9,10.0,7.6,.480,16.1,33.4,.261,-3.51,98.9,102.4,66.3,-.038,-2.28,104.1,106.4,-5.43
Northern Iowa,30,14,16,.467,1.29,5.22,9,9,9,4,3,9,1854,1931,1215,622,1559,.399,229,702,.326,381,520,.733,182,878,298,197,84,342,464,64.7,94.4,.334,.450,.513,44.4,47.9,10.0,8.5,.472,15.9,18.0,.244,-0.05,97.5,97.6,63.0,+.054,+4.71,107.3,102.5,+7.83
Northern Kentucky,35,24,11,.686,-0.17,-2.84,12,6,12,2,8,7,2659,2507,1400,928,2037,.456,300,859,.349,503,740,.680,391,1319,486,200,98,468,622,70.8,107.3,.363,.422,.557,53.1,52.4,8.1,7.1,.529,16.4,31.7,.247,+1.34,106.6,105.3,67.5,+.082,-3.89,102.5,106.4,-2.27
Northwestern,36,24,12,.667,14.02,8.43,10,8,14,4,5,5,2558,2357,1440,913,2094,.436,256,747,.343,476,637,.747,386,1304,540,190,175,383,691,66.6,106.8,.304,.357,.534,50.6,59.1,7.9,13.2,.497,13.8,30.7,.227,+15.51,111.2,95.7,64.7,+.021,+7.75,108.6,100.8,-2.84
Northwestern State,29,13,16,.448,-12.03,-6.07,7,11,7,6,5,10,2204,2301,1170,751,1698,.442,203,555,.366,499,723,.690,337,1049,405,196,77,439,568,73.4,102.7,.426,.327,.540,49.6,53.9,9.1,6.8,.502,17.7,31.3,.294,-11.45,101.0,112.4,70.8,+.028,-4.96,101.5,106.4,+7.09
Notre Dame,36,26,10,.722,17.81,9.78,12,6,16,2,5,4,2783,2494,1445,980,2139,.458,334,869,.384,489,611,.800,334,1212,566,255,134,341,533,67.7,113.8,.286,.406,.573,48.7,57.8,10.4,9.7,.536,12.3,27.3,.229,+21.09,118.9,97.8,66.8,+.021,+10.64,110.2,99.6,-3.98
Oakland,34,25,9,.735,4.22,-3.00,14,4,13,4,11,3,2699,2419,1365,935,2057,.455,247,738,.335,582,765,.761,353,1324,576,266,170,462,592,74.5,106.2,.372,.359,.558,51.5,61.6,10.5,11.6,.515,16.0,29.1,.283,+4.89,103.7,98.9,71.5,-.006,-5.16,102.1,107.2,-5.26
Ohio,31,20,11,.645,3.90,-2.56,11,7,12,4,7,6,2387,2166,1240,835,1837,.455,285,742,.384,432,626,.690,284,1141,415,182,88,388,550,72.1,106.8,.341,.404,.559,49.8,49.7,8.1,7.5,.532,15.4,25.7,.235,+5.67,105.6,99.9,69.9,-.072,-2.68,103.5,106.2,-6.66
Ohio State,32,17,15,.531,10.31,7.28,7,11,13,6,4,7,2329,2232,1285,827,1786,.463,211,592,.356,464,680,.682,324,1191,434,166,121,423,562,68.7,105.6,.381,.331,.552,51.6,52.5,7.5,10.8,.522,16.7,29.7,.260,+10.32,111.3,101.0,67.5,-.054,+7.16,107.3,100.2,-4.07
Oklahoma,31,11,20,.355,11.42,12.62,5,13,8,7,1,9,2262,2299,1265,788,1863,.423,192,558,.344,494,685,.721,361,1173,328,213,147,428,602,71.1,100.6,.368,.300,.517,50.5,41.6,9.5,12.7,.475,16.4,30.9,.265,+11.05,107.3,96.3,69.5,-.102,+13.94,112.1,98.2,+1.44
Oklahoma State,33,20,13,.606,19.19,12.22,9,9,11,5,7,5,2828,2589,1320,957,2050,.467,294,732,.402,620,786,.789,454,1215,486,252,99,432,730,72.7,117.8,.383,.357,.583,52.9,50.8,10.5,8.1,.539,15.1,38.1,.302,+22.10,124.8,102.7,69.9,-.056,+13.97,111.6,97.6,+2.99
Old Dominion,31,19,12,.613,1.94,-1.35,12,6,11,4,7,5,1998,1896,1250,727,1765,.412,157,485,.324,387,602,.643,412,1190,422,196,142,348,566,63.8,100.2,.341,.275,.487,54.0,58.0,9.8,14.5,.456,14.5,35.5,.219,+3.50,100.7,97.2,60.6,-.013,-2.08,104.0,106.1,+1.94
Omaha,32,18,14,.563,-2.24,-1.11,9,7,8,4,8,9,2685,2673,1295,895,1972,.454,297,765,.388,598,799,.748,338,1149,442,262,107,444,616,76.2,108.8,.405,.388,.571,48.7,49.4,10.6,8.6,.529,15.9,28.4,.303,-0.40,108.5,108.9,73.3,+.086,-0.29,106.2,106.5,+4.28
Oral Roberts,30,8,22,.267,-5.51,1.24,4,12,7,6,1,13,2252,2398,1210,810,1819,.445,216,588,.367,416,548,.759,278,1034,423,162,88,360,534,71.4,104.4,.301,.323,.542,48.3,52.2,7.5,7.8,.505,14.8,25.7,.229,-6.30,104.4,110.7,68.6,-.077,+2.10,106.9,104.8,+8.72
Oregon,39,33,6,.846,20.80,8.38,16,2,17,0,7,3,3076,2565,1565,1091,2270,.481,334,880,.380,560,787,.712,412,1431,614,253,248,454,614,68.8,114.2,.347,.388,.582,52.9,56.3,9.4,17.2,.554,14.7,32.2,.247,+23.83,117.7,93.9,66.4,+.036,+6.41,107.8,101.4,+0.68
Oregon State,32,5,27,.156,-4.59,5.89,1,17,5,11,0,13,2021,2321,1285,721,1686,.428,203,586,.346,376,569,.661,290,1038,380,177,118,491,611,67.0,93.9,.337,.348,.517,47.9,52.7,8.2,10.4,.488,20.1,27.2,.223,-8.86,97.0,105.9,64.0,-.067,+5.99,108.1,102.1,-4.82
Pacific,33,11,22,.333,-4.57,2.09,4,14,8,8,2,12,2206,2371,1325,784,1939,.404,185,560,.330,453,671,.675,385,1225,396,140,63,386,690,68.0,97.9,.346,.289,.489,51.4,50.5,6.2,6.0,.452,14.6,30.2,.234,-6.67,99.6,106.3,66.0,-.003,+1.54,105.2,103.7,-2.57
Penn State,33,15,18,.455,7.90,8.90,6,12,9,7,3,7,2367,2400,1345,825,1989,.415,230,679,.339,487,654,.745,330,1166,449,224,184,430,596,71.5,98.5,.329,.341,.515,47.6,54.4,9.3,14.0,.473,15.8,26.6,.245,+7.42,104.6,97.2,70.0,-.013,+8.94,108.6,99.6,+0.93
Pennsylvania,28,13,15,.464,-0.65,-1.50,6,8,6,6,7,8,1928,1904,1125,710,1603,.443,234,690,.339,274,417,.657,267,972,401,181,100,358,501,67.4,101.8,.260,.430,.535,49.3,56.5,9.6,10.6,.516,16.6,27.5,.171,-0.10,102.5,102.6,66.2,-.053,-1.29,103.6,104.9,+0.73
Pepperdine,31,9,22,.290,-10.00,1.87,5,13,7,7,1,12,2140,2490,1240,807,1811,.446,178,482,.369,348,543,.641,295,1033,420,157,84,389,531,69.8,98.8,.300,.266,.517,47.8,52.0,7.3,7.1,.495,15.8,26.2,.192,-11.98,102.1,114.1,68.1,+.026,+1.55,105.8,104.3,-1.55
Pittsburgh,33,16,17,.485,9.25,11.06,4,14,11,6,2,8,2404,2464,1340,807,1825,.442,263,728,.361,527,719,.733,314,1158,473,127,112,396,548,67.2,106.8,.394,.399,.555,50.1,58.6,5.6,8.7,.514,15.5,28.2,.289,+9.54,112.8,103.2,65.0,+.044,+11.45,111.3,99.8,+0.48
Portland,33,11,22,.333,-5.81,2.32,2,16,5,10,2,9,2215,2383,1335,758,1793,.423,214,573,.373,485,655,.740,278,1098,325,163,112,424,581,67.5,98.4,.365,.320,.526,47.6,42.9,7.2,9.7,.482,16.8,25.0,.270,-9.95,98.8,108.7,65.3,+.011,+1.41,105.2,103.8,-3.70
Portland State,31,15,16,.484,-7.06,-6.63,7,11,10,3,4,12,2645,2535,1280,959,1991,.482,238,697,.341,489,743,.658,322,1064,491,307,81,376,590,74.6,110.8,.373,.350,.564,47.6,51.2,12.9,7.2,.541,13.8,27.5,.246,-6.82,104.2,111.1,72.2,-.057,-6.53,101.8,108.3,-0.07
Prairie View,33,13,20,.394,-14.54,-8.48,10,8,10,3,3,17,2276,2419,1330,788,1839,.428,237,678,.350,463,659,.703,292,1019,404,273,121,436,700,68.9,99.4,.358,.369,.529,44.9,51.3,11.9,10.6,.493,16.8,25.1,.252,-13.49,98.0,111.5,67.1,-.017,-8.22,99.6,107.8,+12.04
Presbyterian,30,5,25,.167,-23.63,-5.95,1,17,5,8,0,17,1836,2245,1205,667,1618,.412,181,523,.346,321,468,.686,300,979,364,143,72,451,519,66.1,92.3,.289,.323,.499,48.2,54.6,7.2,7.7,.468,19.7,29.1,.198,-29.23,88.9,118.1,63.7,+.018,-4.08,102.8,106.9,+2.72
Princeton,30,23,7,.767,6.57,-1.84,14,0,10,1,10,4,2149,1843,1205,772,1716,.450,298,789,.378,307,416,.738,247,1003,426,200,93,298,482,65.2,109.5,.242,.460,.562,50.0,55.2,10.2,9.5,.537,13.5,24.4,.179,+12.50,109.4,96.9,62.8,+.025,-1.45,103.4,104.8,+2.51
Providence,33,20,13,.606,11.24,7.84,10,8,15,3,4,7,2319,2207,1325,804,1795,.448,239,645,.371,472,683,.691,294,1101,471,218,98,412,569,67.6,103.6,.381,.359,.547,49.1,58.6,9.7,8.1,.514,16.3,26.4,.263,+12.90,108.1,95.2,66.0,+.027,+8.20,109.1,100.9,-4.07
Purdue,35,27,8,.771,20.13,8.79,14,4,15,2,6,4,2790,2393,1415,980,2044,.479,315,782,.403,515,680,.757,344,1322,640,181,87,455,552,70.0,112.6,.333,.383,.589,54.9,65.3,7.3,6.1,.557,16.1,30.7,.252,+24.22,116.9,92.7,68.5,-.023,+8.06,108.8,100.7,-1.94
Quinnipiac,31,10,21,.323,-9.86,-3.22,7,13,6,8,3,10,2377,2583,1250,848,2008,.422,228,700,.326,453,663,.683,432,1223,447,178,111,448,607,74.8,101.7,.330,.349,.512,50.9,52.7,7.6,8.5,.479,16.2,34.1,.226,-11.69,101.3,113.0,72.7,+.027,-3.20,102.7,105.9,-3.34
Radford,32,14,18,.438,-11.34,-4.58,8,10,8,6,4,11,2090,2247,1300,745,1802,.413,247,715,.345,353,530,.666,396,1219,393,153,114,470,550,65.7,97.9,.294,.397,.509,53.5,52.8,7.2,9.1,.482,18.6,34.3,.196,-11.70,96.1,107.8,63.5,+.060,-4.00,103.5,107.5,+8.94
Rhode Island,35,25,10,.714,12.88,4.62,13,5,13,3,7,5,2577,2288,1405,916,2019,.454,217,653,.332,528,791,.668,409,1301,467,227,206,389,725,67.4,108.8,.392,.323,.538,51.8,51.0,9.6,15.7,.507,14.0,32.8,.262,+15.62,110.7,95.0,65.8,-.024,+3.67,106.3,102.6,+1.98
Rice,35,23,12,.657,0.51,-4.16,11,7,13,6,9,5,2853,2650,1415,946,2048,.462,326,840,.388,635,858,.740,353,1331,484,221,129,524,669,74.4,108.4,.419,.410,.581,52.3,51.2,8.4,8.9,.542,17.6,28.8,.310,+0.88,107.9,107.1,71.9,-.024,-5.32,101.4,106.7,-5.75
Richmond,35,22,13,.629,5.45,3.28,13,5,12,5,8,6,2596,2520,1410,938,1993,.471,271,793,.342,449,630,.713,236,1078,592,232,67,399,634,69.7,105.6,.316,.398,.566,45.7,63.1,9.4,5.2,.539,14.8,20.7,.225,+7.10,108.8,101.7,68.7,+.022,+2.55,105.3,102.7,-1.39
Rider,33,18,15,.545,-5.34,-5.28,10,10,7,5,9,9,2498,2500,1325,907,2034,.446,179,539,.332,505,752,.672,421,1331,466,219,119,481,650,74.0,101.8,.370,.265,.522,52.8,51.4,8.9,9.3,.490,16.7,33.1,.248,-3.87,100.7,104.6,71.7,+.047,-4.30,102.5,106.9,-5.55
Robert Morris,33,14,19,.424,-8.56,-5.13,9,9,6,7,6,12,2125,2238,1325,728,1818,.400,183,574,.319,486,750,.648,363,1139,348,261,80,497,671,69.9,91.7,.413,.316,.489,48.1,47.8,11.3,6.5,.451,18.6,29.4,.267,-8.89,91.6,100.5,68.3,+.032,-5.24,101.1,106.4,+4.18
Rutgers,33,15,18,.455,3.69,6.22,3,15,10,6,3,10,2163,2215,1325,809,1967,.411,152,502,.303,393,631,.623,480,1319,360,217,153,437,584,67.3,97.0,.321,.255,.477,53.2,44.5,9.7,13.0,.450,16.2,37.4,.200,+2.28,101.5,99.2,65.8,+.006,+7.03,107.5,100.4,-9.07
SIU Edwardsville,30,6,24,.200,-12.25,-3.29,1,15,3,10,2,13,2044,2282,1210,687,1686,.407,142,486,.292,528,780,.677,353,1073,305,142,85,436,657,70.9,95.3,.463,.288,.497,50.5,44.4,6.6,7.4,.450,17.5,31.3,.313,-14.15,95.0,109.1,68.7,-.041,-2.77,104.3,107.0,+0.38
Sacramento State,31,13,18,.419,-10.69,-5.58,9,9,8,5,4,10,2204,2303,1260,808,1759,.459,160,506,.316,428,657,.651,306,1100,408,145,135,360,568,67.6,103.6,.374,.288,.532,50.3,50.5,6.8,11.1,.505,14.8,28.2,.243,-11.49,100.8,112.3,65.1,+.045,-5.48,102.6,108.1,+2.00
Sacred Heart,32,13,19,.406,-10.95,-7.52,8,10,6,8,6,10,2326,2436,1305,832,1882,.442,200,597,.335,462,659,.701,361,1194,459,217,86,516,617,71.9,99.1,.350,.317,.530,51.7,55.2,9.2,7.1,.495,19.0,30.9,.245,-12.25,97.5,109.7,70.6,+.018,-8.53,99.1,107.7,-5.06
Saint Francis (PA),34,17,17,.500,-8.13,-7.65,11,7,8,6,9,11,2577,2533,1375,943,2021,.467,277,709,.391,414,598,.692,342,1243,472,225,136,491,551,71.3,105.1,.296,.351,.559,50.0,50.1,9.2,10.4,.535,17.6,29.0,.205,-7.92,102.0,110.0,69.6,-.007,-8.32,99.5,107.8,-0.90
Saint Joseph's,31,11,20,.355,0.14,3.69,4,14,6,8,4,9,2155,2265,1250,755,1808,.418,174,537,.324,471,725,.650,351,1132,352,150,106,371,547,69.7,99.0,.401,.297,.501,50.5,46.6,6.9,10.7,.466,14.7,29.8,.261,-0.93,102.3,103.2,67.9,-.032,+3.75,106.1,102.3,+3.67
Saint Louis,33,12,21,.364,-6.09,1.85,6,12,10,8,1,10,2026,2288,1330,700,1733,.404,230,672,.342,396,597,.663,279,1093,423,164,95,441,639,65.5,93.1,.344,.388,.502,48.1,60.4,7.5,8.5,.470,17.9,24.2,.229,-9.35,95.4,104.8,63.0,+.082,+1.35,105.3,104.0,-4.57
Saint Mary's (CA),34,29,5,.853,16.75,2.19,16,2,15,2,10,1,2449,1954,1360,892,1797,.496,293,744,.394,372,499,.745,324,1205,563,143,110,365,512,61.3,117.6,.278,.414,.602,57.2,63.1,6.9,8.5,.578,15.2,33.0,.207,+24.64,119.0,94.3,58.9,+.034,-0.28,104.0,104.3,-4.28
Saint Peter's,36,23,13,.639,1.60,-3.60,14,6,9,5,11,7,2376,2189,1450,825,1891,.436,288,755,.381,438,625,.701,297,1182,440,251,106,398,571,63.5,103.2,.331,.399,.543,50.1,53.3,10.9,9.6,.512,15.4,25.4,.232,+4.85,102.6,97.8,60.3,-.054,-3.39,103.6,107.0,-1.94
Sam Houston State,34,21,13,.618,-7.55,-6.35,10,8,14,2,5,9,2526,2424,1365,898,2055,.437,212,671,.316,518,755,.686,401,1283,507,239,93,466,758,72.8,101.6,.367,.327,.523,52.2,56.5,9.6,8.0,.489,16.2,31.5,.252,-6.24,97.2,103.5,69.6,+.101,-6.21,101.3,107.6,+2.70
Samford,36,20,16,.556,-1.87,-3.70,8,10,10,6,8,9,2834,2733,1490,955,2038,.469,279,707,.395,645,868,.743,345,1300,581,222,88,493,678,69.9,108.8,.426,.347,.578,50.4,60.8,8.5,6.6,.537,16.7,28.7,.316,+0.99,108.3,107.3,68.3,-.042,-2.05,104.0,106.0,-3.30
San Diego,31,13,18,.419,-5.78,0.92,6,12,7,10,6,7,2025,2210,1265,666,1636,.407,258,741,.348,435,603,.721,254,1028,376,121,54,379,600,64.8,98.7,.369,.453,.527,49.3,56.5,5.9,4.9,.486,16.5,24.1,.266,-8.09,100.2,108.3,62.8,+.058,-0.34,104.2,104.5,-6.54
San Diego State,33,19,14,.576,6.88,1.47,9,9,10,4,3,9,2260,2064,1325,782,1878,.416,233,736,.317,463,663,.698,350,1199,360,227,164,387,572,67.0,101.8,.353,.392,.515,50.9,46.0,10.2,14.0,.478,15.0,30.0,.247,+8.94,104.0,95.0,64.5,-.101,+1.13,104.6,103.5,-1.50
San Francisco,33,20,13,.606,3.80,0.42,10,8,12,4,5,7,2362,2222,1320,868,1934,.449,299,855,.350,327,514,.636,314,1187,428,220,92,415,639,69.4,103.2,.266,.442,.542,50.5,49.3,9.6,7.3,.526,16.0,27.1,.169,+5.45,103.4,97.9,68.3,+.019,-0.99,103.9,104.9,-5.47
San Jose State,30,14,16,.467,-2.84,1.74,7,11,9,7,5,8,2195,2245,1205,772,1750,.441,200,574,.348,451,643,.701,267,1015,417,190,124,377,589,72.1,101.1,.367,.328,.534,49.7,54.0,8.7,10.9,.498,15.5,25.4,.258,-4.32,100.2,104.5,70.2,+.077,+1.21,105.3,104.1,-4.35
Santa Clara,33,17,16,.515,2.69,2.03,10,8,11,6,5,7,2204,2158,1340,778,1784,.436,318,832,.382,330,451,.732,203,980,464,170,65,341,617,63.8,103.1,.253,.466,.551,46.8,59.6,8.0,5.7,.525,14.6,19.1,.185,+3.15,105.5,102.4,62.2,-.014,+0.92,103.9,102.9,-4.38
Savannah State,29,13,16,.448,-16.04,-8.44,10,6,7,4,6,10,2485,2665,1165,833,2030,.410,392,1182,.332,427,659,.648,358,1169,501,226,94,431,571,83.3,102.4,.325,.582,.530,45.3,60.1,9.3,7.9,.507,15.5,27.3,.210,-13.88,100.6,114.5,80.5,+.054,-9.52,99.0,108.5,+7.20
Seattle,30,13,17,.433,-8.36,-3.95,5,9,9,7,3,9,2091,2141,1225,713,1646,.433,260,756,.344,405,573,.707,223,1011,476,199,62,436,568,70.1,97.4,.348,.459,.545,47.1,66.8,9.3,6.1,.512,18.5,21.9,.246,-9.63,95.6,105.2,67.1,-.023,-5.01,101.0,106.0,-6.42
Seton Hall,33,21,12,.636,12.10,9.25,10,8,12,2,4,6,2417,2323,1335,872,1949,.447,202,598,.338,471,733,.643,439,1311,405,228,82,449,613,69.0,104.9,.376,.307,.526,54.7,46.4,9.9,6.6,.499,16.4,35.7,.242,+13.95,109.9,95.9,66.9,+.071,+9.70,109.9,100.2,-2.12
Siena,34,17,17,.500,-2.00,-2.23,12,8,10,4,5,12,2549,2541,1365,899,1989,.452,186,568,.327,565,795,.711,430,1284,460,199,140,476,664,70.7,105.6,.400,.286,.539,53.1,51.2,8.2,10.3,.499,16.7,35.5,.284,-0.36,106.1,106.5,68.2,-.009,-1.07,104.5,105.5,+5.90
South Alabama,32,14,18,.438,-6.57,-2.90,7,11,10,7,4,10,2286,2322,1300,793,1859,.427,223,702,.318,475,725,.655,333,1108,408,240,119,419,653,70.8,99.4,.390,.378,.519,47.7,51.5,10.4,10.7,.487,16.0,27.6,.256,-6.40,98.9,105.3,69.3,+.012,-2.10,103.9,106.1,-5.66
South Carolina,37,26,11,.703,17.52,10.16,12,6,15,3,6,5,2707,2414,1505,924,2197,.421,248,733,.338,611,874,.699,464,1346,468,288,142,480,751,69.9,102.9,.398,.334,.518,50.8,50.6,11.0,11.1,.477,15.5,33.5,.278,+17.03,105.5,88.5,67.8,-.004,+8.49,108.7,100.2,+2.40
South Carolina State,31,11,20,.355,-18.37,-6.61,7,9,6,4,4,14,2167,2486,1250,796,1849,.431,185,578,.320,390,564,.691,320,991,380,154,64,383,594,69.8,99.3,.305,.313,.512,45.6,47.7,7.1,5.3,.481,15.3,28.2,.211,-19.23,99.1,118.3,67.9,+.067,-5.91,100.8,106.7,+16.63
South Carolina Upstate,33,17,16,.515,-7.64,-5.23,7,7,8,8,7,8,2575,2530,1335,936,2042,.458,284,821,.346,419,638,.657,396,1279,508,179,104,421,545,71.1,108.6,.312,.402,.549,51.4,54.3,7.5,7.9,.528,15.2,32.1,.205,-5.93,105.3,111.2,67.6,+.013,-4.47,103.5,108.0,-0.85
South Dakota,34,22,12,.647,-0.42,-2.08,12,4,13,1,7,7,2639,2513,1365,907,2044,.444,224,657,.341,601,852,.705,355,1268,415,231,115,402,657,73.0,105.9,.417,.321,.539,50.7,45.8,9.3,8.8,.499,14.1,28.2,.294,+1.59,103.8,102.2,70.3,+.071,-2.90,105.3,108.2,-1.67
South Dakota State,35,18,17,.514,-2.30,-0.66,8,8,11,3,3,12,2683,2697,1415,881,1938,.455,318,883,.360,603,782,.771,316,1229,459,180,83,453,584,69.2,109.6,.404,.456,.581,50.7,52.1,7.4,7.2,.537,16.4,27.4,.311,-1.33,110.8,112.1,66.7,+.029,-1.09,104.6,105.7,+1.60
South Florida,30,7,23,.233,-7.28,2.39,1,17,6,11,1,11,1945,2235,1205,716,1684,.425,174,503,.346,339,516,.657,328,1053,365,183,115,489,579,69.2,93.3,.306,.299,.504,48.5,51.0,8.8,11.3,.477,20.2,30.5,.201,-11.17,96.5,107.7,68.2,-.021,+1.69,104.1,102.4,-7.62
Southeast Missouri State,33,15,18,.455,-5.89,-4.28,9,7,10,4,4,11,2460,2464,1330,852,1897,.449,263,716,.367,493,664,.742,289,1024,454,248,63,410,644,70.1,105.6,.350,.377,.556,46.8,53.3,10.6,5.9,.518,15.6,25.3,.260,-6.00,103.3,109.3,68.1,-.038,-4.30,103.2,107.5,-2.93
Southeastern Louisiana,32,16,16,.500,-7.36,-8.13,9,9,11,3,5,12,2268,2182,1280,796,1770,.450,215,593,.363,461,675,.683,384,1154,455,218,106,512,619,69.6,101.9,.381,.335,.542,52.8,57.2,9.8,9.2,.510,19.7,35.1,.260,-6.03,97.8,103.8,66.7,-.054,-7.26,101.0,108.3,-3.16
Southern,33,15,18,.455,-14.48,-11.68,10,8,11,4,4,13,2360,2401,1325,825,1887,.437,163,510,.320,547,786,.696,405,1247,384,184,121,453,635,69.9,101.9,.417,.270,.522,50.8,46.5,7.9,9.1,.480,16.7,34.1,.290,-15.59,98.1,113.7,67.9,+.038,-12.08,96.8,108.9,+1.67
Southern California,36,26,10,.722,11.48,6.40,10,8,14,3,6,5,2816,2633,1445,975,2139,.456,283,782,.362,583,787,.741,387,1286,550,252,190,398,571,70.1,111.2,.368,.366,.560,50.3,56.4,9.9,13.3,.522,13.7,30.9,.273,+12.34,112.5,100.2,68.5,+.078,+4.18,108.0,103.8,-3.09
Southern Illinois,33,17,16,.515,1.09,2.65,9,9,11,6,5,9,2260,2289,1340,808,1866,.433,175,554,.316,469,674,.696,348,1114,375,225,128,398,594,66.4,101.6,.361,.297,.517,48.9,46.4,10.1,11.2,.480,15.4,29.8,.251,+1.16,104.8,103.7,64.9,+.047,+1.50,104.2,102.7,-2.70
Southern Methodist,35,30,5,.857,18.71,4.45,17,1,18,0,8,3,2599,2100,1400,914,1934,.473,286,705,.406,485,696,.697,416,1335,566,200,117,377,506,63.7,116.6,.360,.365,.574,56.3,61.9,9.0,11.1,.547,14.3,37.1,.251,+25.27,120.1,94.8,63.2,+.020,+3.15,104.9,101.8,-1.16
Southern Mississippi,31,9,22,.290,-13.40,-2.78,6,12,8,6,1,12,1952,2239,1260,690,1728,.399,200,655,.305,372,526,.707,258,1058,376,145,64,405,527,67.6,91.7,.304,.379,.493,48.2,54.5,6.8,6.4,.457,17.0,23.0,.215,-15.47,93.0,108.4,65.0,-.032,-3.10,102.4,105.5,-3.17
Southern Utah,33,6,27,.182,-15.58,-5.39,3,15,3,10,2,14,2559,2814,1335,815,2004,.407,291,815,.357,638,861,.741,383,1218,381,185,107,452,803,74.1,103.5,.430,.407,.530,49.7,46.7,7.5,9.2,.479,15.8,29.7,.318,-18.59,101.1,119.7,70.9,-.014,-5.12,102.1,107.2,-1.06
St. Bonaventure,32,20,12,.625,5.95,1.48,11,7,11,4,5,5,2459,2316,1290,825,1864,.443,201,577,.348,608,791,.769,369,1153,423,230,138,401,668,70.6,108.1,.424,.310,.549,51.2,51.3,10.1,12.4,.497,15.2,33.0,.326,+7.28,109.0,101.7,68.3,-.026,+0.41,104.7,104.3,-4.23
St. Francis (NY),31,4,27,.129,-19.24,-6.54,2,16,3,10,0,16,1921,2284,1250,650,1871,.347,221,792,.279,400,616,.649,390,1078,287,208,89,379,672,68.7,89.4,.329,.423,.444,45.5,44.2,9.7,7.3,.406,14.9,29.0,.214,-24.30,87.8,112.1,66.6,-.037,-7.04,100.6,107.7,-1.34
St. John's (NY),33,14,19,.424,6.45,8.39,7,11,9,5,4,9,2534,2598,1320,866,2000,.433,278,763,.364,524,722,.726,337,1137,446,224,197,433,688,73.9,103.9,.361,.382,.541,46.9,51.5,9.2,15.2,.503,15.6,27.3,.262,+6.52,109.1,102.6,72.8,-.039,+9.67,109.6,100.0,-2.42
Stanford,31,14,17,.452,6.39,8.59,6,12,10,5,1,10,2162,2204,1245,772,1753,.440,157,490,.320,461,676,.682,316,1067,421,211,79,399,604,69.4,100.1,.386,.280,.521,50.9,54.5,9.8,7.8,.485,16.1,29.6,.263,+5.82,104.8,99.0,67.9,-.008,+8.79,110.1,101.3,+6.61
Stephen F. Austin,33,18,15,.545,-7.01,-5.75,12,6,12,2,4,10,2289,2271,1330,783,1754,.446,193,605,.319,530,735,.721,378,1147,409,223,100,578,716,69.3,99.4,.419,.345,.544,53.1,52.2,9.7,8.9,.501,21.6,34.8,.302,-5.49,96.8,102.3,66.0,+.033,-5.93,102.0,108.0,+2.26
Stetson,32,11,21,.344,-14.21,-5.45,3,11,7,7,4,13,2471,2654,1285,886,2007,.441,261,770,.339,438,665,.659,274,1128,436,155,71,362,608,74.9,102.6,.331,.384,.532,44.9,49.2,6.4,5.2,.506,13.5,21.8,.218,-14.28,100.9,115.2,72.0,-.002,-4.80,102.9,107.7,-5.18
Stony Brook,32,18,14,.563,-4.71,-5.05,12,4,10,6,7,8,2215,2204,1280,759,1878,.404,250,764,.327,445,617,.721,358,1108,391,174,102,325,622,66.9,103.4,.329,.407,.510,48.9,51.5,8.1,9.4,.471,13.0,29.5,.237,-3.96,102.0,106.0,65.4,+.066,-5.62,102.0,107.6,-3.04
Syracuse,34,19,15,.559,13.70,8.47,10,8,17,4,2,8,2594,2416,1370,894,1950,.458,300,791,.379,506,685,.739,363,1183,532,275,159,418,542,67.9,111.6,.351,.406,.570,49.3,59.5,11.8,13.8,.535,15.5,31.6,.259,+14.35,115.9,101.6,65.9,-.044,+8.51,108.6,100.1,-3.16
Temple,32,16,16,.500,4.84,5.09,7,11,9,7,4,8,2269,2277,1295,808,1916,.422,287,807,.356,366,506,.723,320,1096,464,208,128,365,584,67.9,103.2,.264,.421,.526,47.5,57.4,9.5,10.5,.497,14.5,27.5,.191,+4.21,108.4,104.2,66.6,+.015,+3.81,105.2,101.4,+1.27
Tennessee,32,16,16,.500,11.28,10.18,8,10,11,6,4,7,2383,2335,1285,803,1903,.422,189,579,.326,588,807,.729,388,1206,441,175,146,399,670,71.5,103.7,.424,.304,.521,50.5,54.9,7.6,12.0,.472,14.9,31.9,.309,+12.12,109.8,97.7,68.9,-.053,+10.97,109.0,98.0,+6.74
Tennessee State,30,17,13,.567,-1.57,-2.96,8,8,7,5,8,7,2134,2032,1220,744,1680,.443,170,502,.339,476,688,.692,366,1117,339,201,102,452,633,68.7,101.8,.410,.299,.532,53.3,45.6,9.6,11.9,.493,18.4,34.6,.283,+0.54,100.3,99.8,66.5,-.016,-2.07,104.5,106.6,+3.86
Tennessee Tech,32,12,20,.375,-7.60,-4.17,8,8,7,8,5,11,2317,2340,1300,785,1860,.422,241,742,.325,506,715,.708,356,1144,435,213,115,434,675,70.1,101.7,.384,.399,.527,49.6,55.4,9.4,10.5,.487,16.5,30.1,.272,-8.12,98.9,107.0,67.8,-.058,-3.14,103.5,106.6,-2.39
Tennessee-Martin,35,22,13,.629,-4.70,-4.34,10,6,14,2,7,10,2693,2630,1415,966,2066,.468,287,812,.353,474,689,.688,453,1312,555,228,123,528,606,69.8,109.0,.333,.393,.563,53.2,57.5,9.2,10.4,.537,18.1,37.6,.229,-3.85,106.9,110.8,66.9,+.121,-4.41,102.7,107.1,-2.24
Texas,33,11,22,.333,10.99,12.75,4,14,10,7,0,11,2215,2273,1320,810,1846,.439,181,619,.292,414,637,.650,323,1133,376,190,149,443,588,68.5,97.9,.345,.335,.515,48.9,46.4,8.4,11.8,.488,17.1,28.4,.224,+10.16,104.1,94.0,67.1,-.105,+13.79,112.5,98.7,+1.98
Texas A&M,31,16,15,.516,10.36,7.97,8,10,11,5,3,7,2176,2102,1240,804,1754,.458,189,574,.329,379,584,.649,401,1193,489,186,173,439,511,66.8,105.1,.333,.327,.536,53.7,60.8,9.0,15.4,.512,17.8,37.5,.216,+11.01,108.5,97.5,64.0,-.042,+7.77,109.2,101.4,-2.19
Texas A&M-Corpus Christi,36,24,12,.667,-2.97,-5.79,12,6,16,2,7,9,2715,2574,1455,974,2071,.470,195,588,.332,572,792,.722,368,1227,486,337,142,485,703,70.5,105.8,.382,.284,.555,49.5,49.9,13.1,12.2,.517,16.5,29.8,.276,-3.26,103.0,106.3,67.5,+.078,-6.33,101.3,107.6,+2.43
Texas Christian,39,24,15,.615,15.64,10.95,6,12,15,6,4,8,2914,2718,1570,1064,2284,.466,280,790,.354,506,738,.686,453,1404,661,256,175,504,676,68.3,108.8,.323,.346,.553,52.7,62.1,9.6,11.9,.527,16.1,34.3,.222,+15.29,113.2,97.9,66.5,-.028,+12.13,111.2,99.1,-2.92
Texas Southern,35,23,12,.657,-6.41,-7.81,16,2,10,0,11,11,2593,2544,1410,866,2015,.430,205,693,.296,656,893,.735,401,1228,409,250,111,407,607,69.7,105.5,.443,.344,.532,48.4,47.2,10.2,7.4,.481,14.3,31.6,.326,-3.66,103.6,107.3,68.1,+.120,-9.00,99.7,108.7,+12.92
Texas State,36,22,14,.611,-2.23,-4.29,11,7,13,4,5,9,2407,2256,1455,865,1933,.447,217,657,.330,460,696,.661,345,1211,526,237,160,423,642,64.4,102.7,.360,.340,.532,50.3,60.8,10.1,13.2,.504,15.7,28.9,.238,-0.13,102.5,102.7,61.5,+.019,-3.51,102.7,106.2,-8.10
Texas Tech,32,18,14,.563,14.11,7.86,6,12,16,3,1,9,2346,2146,1300,835,1776,.470,212,577,.367,464,633,.733,299,1050,427,169,98,354,562,65.9,109.6,.356,.325,.565,52.3,51.1,7.9,10.1,.530,14.6,30.1,.261,+14.75,112.5,97.8,63.3,-.082,+7.76,109.1,101.3,-11.48
Texas-Arlington,36,27,9,.750,5.92,-0.87,14,4,14,1,12,7,2818,2516,1440,999,2168,.461,310,920,.337,510,749,.681,430,1384,566,266,81,472,691,71.3,109.8,.345,.424,.558,52.1,56.7,10.4,7.1,.532,15.8,33.0,.235,+9.48,109.9,100.4,69.6,+.053,+0.17,104.1,104.0,+6.67
Texas-El Paso,32,15,17,.469,-3.13,-2.51,12,6,8,8,5,6,2217,2202,1300,812,1731,.469,180,517,.348,413,624,.662,235,1101,463,172,99,427,618,68.1,100.1,.360,.299,.547,50.3,57.0,7.8,9.4,.521,17.4,22.5,.239,-2.99,99.7,102.7,65.8,-.035,-3.31,102.8,106.1,-2.62
Texas-Rio Grande Valley,32,10,22,.313,-11.44,-3.68,2,12,7,7,1,14,2505,2665,1305,869,2050,.424,276,821,.336,491,685,.717,382,1180,484,246,82,507,780,76.6,100.3,.334,.400,.527,48.1,55.7,9.8,6.7,.491,17.6,29.7,.240,-12.93,100.3,113.2,73.5,-.037,-3.47,101.7,105.2,-3.15
Texas-San Antonio,33,14,19,.424,-7.42,-3.03,8,10,11,3,2,15,2178,2291,1320,769,1959,.393,172,608,.283,468,703,.666,425,1293,357,183,62,418,642,69.3,95.2,.359,.310,.475,52.6,46.4,8.0,5.4,.436,15.4,32.4,.239,-7.55,95.1,102.6,67.6,+.016,-2.70,102.7,105.4,-1.12
Toledo,34,17,17,.500,1.16,-0.90,9,9,12,4,4,10,2675,2567,1410,944,1966,.480,262,724,.362,525,755,.695,339,1274,551,135,92,447,574,69.2,109.7,.384,.368,.575,52.8,58.4,5.5,6.2,.547,16.1,29.1,.267,+2.69,108.7,106.0,66.1,-.071,-0.99,104.8,105.8,+0.74
Towson,33,20,13,.606,1.84,-1.28,11,7,12,3,6,8,2447,2285,1335,850,1900,.447,155,499,.311,592,868,.682,445,1305,348,226,118,426,686,68.8,106.6,.457,.263,.529,55.6,40.9,9.8,11.1,.488,15.6,37.3,.312,+4.32,105.5,101.2,67.5,-.009,-0.21,105.3,105.5,-1.07
Troy,37,22,15,.595,-0.47,-3.36,10,8,10,4,6,10,2889,2667,1485,982,2153,.456,311,867,.359,614,847,.725,409,1362,484,221,129,462,654,70.1,110.9,.393,.403,.565,51.8,49.3,8.5,9.8,.528,15.3,31.6,.285,+2.67,109.9,107.3,67.6,-.037,-2.86,102.3,105.1,-6.67
Tulane,31,6,25,.194,-3.98,4.25,3,15,4,10,2,10,2179,2434,1255,751,1856,.405,221,683,.324,456,636,.717,349,1062,398,192,119,420,646,71.1,97.7,.343,.368,.505,47.3,53.0,8.6,10.2,.464,16.3,29.3,.246,-6.43,102.6,109.0,69.9,-.075,+3.83,105.2,101.4,-1.13
Tulsa,32,15,17,.469,2.45,5.29,8,10,10,5,3,9,2158,2249,1285,701,1673,.419,234,683,.343,522,716,.729,311,1112,362,145,80,473,579,67.8,99.1,.428,.408,.536,51.1,51.6,6.7,7.3,.489,19.0,29.4,.312,+1.65,104.5,102.9,67.7,+.055,+5.08,105.8,100.7,+2.49
UC-Davis,36,23,13,.639,-5.21,-4.68,11,5,11,0,6,9,2525,2506,1455,873,2008,.435,221,635,.348,558,828,.674,364,1280,461,202,118,513,688,70.2,98.9,.412,.316,.526,50.8,52.8,7.9,9.0,.490,17.6,28.9,.278,-4.76,97.9,102.6,68.2,+.109,-6.20,100.1,106.3,-1.19
UC-Irvine,36,21,15,.583,0.18,-2.70,12,4,11,2,8,9,2514,2331,1450,915,2062,.444,265,734,.361,419,611,.686,402,1429,460,176,154,481,748,67.1,103.3,.296,.356,.534,54.5,50.3,7.2,11.4,.508,17.0,32.4,.203,+1.86,101.0,99.1,66.0,-.007,-3.77,102.2,106.0,+7.23
UC-Riverside,29,8,21,.276,-11.39,-3.87,5,11,5,8,3,12,1895,2016,1165,689,1671,.412,173,553,.313,344,495,.695,264,1011,338,198,88,387,572,69.7,93.3,.296,.331,.497,48.9,49.1,9.8,8.8,.464,16.9,25.7,.206,-13.87,92.1,106.0,67.4,-.055,-4.76,101.3,106.1,+1.71
UC-Santa Barbara,28,6,22,.214,-13.49,-2.00,4,12,5,8,1,12,1701,1987,1125,622,1651,.377,154,531,.290,303,478,.634,356,1028,338,148,59,341,502,66.2,91.4,.290,.322,.453,49.5,54.3,7.9,6.8,.423,15.4,31.5,.184,-18.14,91.3,109.4,63.6,+.009,-2.94,102.1,105.0,+6.58
UCLA,36,31,5,.861,20.67,6.39,15,3,16,1,8,2,3233,2719,1440,1210,2320,.522,354,872,.406,459,622,.738,343,1386,771,212,191,404,583,74.2,121.0,.268,.376,.618,52.4,63.7,7.9,12.5,.598,13.4,28.9,.198,+22.95,122.7,99.8,72.8,+.024,+4.05,107.3,103.2,-4.40
University of California,34,21,13,.618,11.11,6.34,10,8,15,4,3,6,2316,2154,1380,807,1911,.422,226,664,.340,476,720,.661,394,1323,409,165,155,428,656,66.3,101.3,.377,.347,.514,54.7,50.7,7.2,12.1,.481,16.0,32.9,.249,+12.72,104.9,92.1,65.0,-.001,+5.28,107.4,102.1,-2.27
Utah,32,20,12,.625,12.45,4.32,11,7,14,4,5,6,2511,2180,1290,936,1856,.504,215,609,.353,424,622,.682,321,1217,476,195,113,431,539,70.1,111.0,.335,.328,.584,54.9,50.9,8.6,9.0,.562,16.7,30.9,.228,+14.74,114.2,99.5,68.1,-.087,+3.49,105.9,102.4,-6.25
Utah State,32,15,17,.469,2.90,2.46,7,11,11,5,3,8,2337,2248,1285,828,1779,.465,245,646,.379,436,624,.699,256,1144,492,159,92,391,605,68.9,105.6,.351,.363,.563,51.2,59.4,7.2,7.9,.534,15.9,24.7,.245,+2.21,106.7,104.5,66.0,-.066,+2.01,104.9,102.9,-0.45
Utah Valley,34,17,17,.500,-1.22,-2.44,6,8,8,5,8,11,2615,2479,1385,886,2028,.437,300,937,.320,543,767,.708,306,1350,530,216,123,522,667,75.5,100.1,.378,.462,.547,51.2,59.8,8.3,8.6,.511,17.9,24.2,.268,-1.54,100.2,101.7,73.0,-.082,-2.46,101.5,104.0,+1.60
VMI,30,6,24,.200,-13.91,-1.80,3,15,5,9,1,14,2057,2346,1200,732,1778,.412,248,786,.316,345,500,.690,306,992,356,188,114,395,594,70.2,97.6,.281,.442,.510,46.9,48.6,8.9,10.4,.481,16.4,27.2,.194,-16.02,97.7,113.7,68.6,-.034,+0.27,105.7,105.4,+0.79
Valparaiso,33,24,9,.727,3.94,-1.59,14,4,15,2,7,6,2465,2274,1330,848,1912,.444,217,670,.324,552,712,.775,351,1251,422,211,96,425,621,70.0,105.9,.372,.350,.548,52.9,49.8,9.1,8.0,.500,15.9,30.8,.289,+6.40,106.7,100.3,66.5,+.056,-3.42,102.6,106.1,+0.41
Vanderbilt,35,19,16,.543,13.69,10.72,10,8,11,5,5,6,2489,2385,1405,815,1896,.430,346,921,.376,513,660,.777,286,1208,450,147,133,430,581,67.1,105.6,.348,.486,.563,50.0,55.2,6.2,9.8,.521,16.3,24.7,.271,+16.24,112.3,96.1,65.2,-.035,+11.16,109.9,98.7,+6.58
Vermont,35,29,6,.829,6.67,-3.27,16,0,16,1,11,3,2571,2174,1400,943,1909,.494,229,621,.369,456,651,.700,326,1192,476,199,151,392,555,65.4,112.4,.341,.325,.580,52.8,50.5,8.7,11.4,.554,15.0,30.3,.239,+11.88,110.8,98.9,64.0,+.060,-4.74,102.7,107.4,+1.85
Villanova,36,32,4,.889,23.80,9.28,15,3,14,1,9,2,2779,2256,1440,965,1948,.495,311,843,.369,538,681,.790,316,1208,505,259,109,402,515,65.6,117.6,.350,.433,.612,53.0,52.3,11.0,9.0,.575,15.0,30.0,.276,+30.78,122.8,92.0,63.6,+.026,+9.98,110.1,100.1,+4.24
Virginia,34,23,11,.676,20.63,10.93,11,7,12,4,7,5,2246,1916,1380,839,1823,.460,232,602,.385,336,474,.709,297,1119,473,190,138,324,556,60.3,107.9,.260,.330,.548,52.3,56.4,9.1,13.9,.524,13.7,28.2,.184,+26.67,113.7,87.0,58.5,-.051,+12.15,111.4,99.3,+2.74
Virginia Commonwealth,35,26,9,.743,11.57,3.77,14,4,15,1,7,4,2616,2343,1420,945,2050,.461,199,602,.331,527,747,.705,386,1275,525,263,138,435,728,69.0,106.8,.364,.294,.544,51.8,55.6,10.7,10.6,.510,15.3,31.2,.257,+14.31,110.0,95.7,67.8,+.036,+3.60,105.6,102.0,+1.12
Virginia Tech,33,22,11,.667,12.77,8.38,10,8,15,2,4,6,2610,2465,1330,887,1813,.489,290,720,.403,546,741,.737,240,1068,497,131,91,398,543,69.8,112.5,.409,.397,.603,48.2,56.0,5.6,7.0,.569,15.5,23.4,.301,+14.94,117.4,102.5,68.0,+.061,+8.78,110.2,101.4,-7.67
Wagner,30,16,14,.533,-7.13,-7.89,11,7,8,7,8,7,2047,1973,1215,727,1700,.428,183,552,.332,410,593,.691,434,1184,326,146,108,422,616,65.0,103.7,.349,.325,.516,55.0,44.8,7.4,10.3,.481,17.6,40.4,.241,-7.12,101.0,108.1,62.5,-.024,-8.80,98.7,107.6,-0.72
Wake Forest,33,19,14,.576,14.19,9.80,9,9,11,3,5,8,2733,2588,1320,923,1955,.472,268,697,.385,619,795,.779,349,1199,512,183,121,389,668,71.7,115.5,.407,.357,.586,51.9,55.5,7.7,10.1,.541,14.3,30.7,.317,+17.28,120.9,103.6,70.1,-.035,+11.20,111.3,100.1,+4.73
Washington,31,9,22,.290,2.15,6.82,2,16,7,9,1,11,2368,2513,1245,874,1949,.448,226,639,.354,394,602,.654,401,1161,408,187,171,425,628,72.8,104.5,.309,.328,.530,51.6,46.7,8.3,12.8,.506,16.0,35.0,.202,-0.04,107.7,107.7,70.5,-.102,+6.73,109.2,102.4,-2.37
Washington State,31,13,18,.419,0.13,6.87,6,12,9,7,2,7,2179,2376,1245,801,1739,.461,209,574,.364,368,487,.756,199,993,453,130,85,389,502,69.4,100.9,.280,.330,.553,46.9,56.6,6.0,7.0,.521,16.5,19.9,.212,-2.02,104.4,106.4,67.1,+.067,+6.33,108.9,102.6,-3.24
Weber State,34,20,14,.588,-2.32,-5.13,12,6,10,3,7,8,2714,2505,1380,908,1866,.487,312,749,.417,584,788,.741,221,1103,443,176,117,380,596,69.5,113.2,.422,.401,.606,48.0,48.8,7.3,7.7,.570,14.5,21.0,.313,-0.73,108.3,109.1,66.1,-.035,-5.15,103.0,108.2,+1.41
West Virginia,37,28,9,.757,24.45,9.67,12,6,16,2,6,4,3014,2467,1505,1059,2333,.454,275,759,.362,621,907,.685,534,1387,607,371,176,455,756,71.4,112.2,.389,.325,.545,52.1,57.3,13.8,14.2,.513,14.1,37.7,.266,+26.80,116.5,89.7,69.5,-.043,+9.76,109.3,99.5,-7.91
Western Carolina,32,9,23,.281,-15.30,-0.70,4,14,6,8,3,13,1965,2347,1280,719,1843,.390,182,592,.307,345,528,.653,397,1158,363,198,75,516,661,69.4,88.4,.286,.321,.469,50.5,50.5,8.9,7.3,.440,19.8,32.4,.187,-14.75,90.1,104.9,66.3,+.027,+1.66,106.9,105.2,+6.62
Western Illinois,28,8,20,.286,-11.00,-2.38,5,11,5,8,3,11,2012,2151,1145,711,1633,.435,254,654,.388,336,475,.707,184,968,375,130,124,358,546,70.9,99.1,.291,.400,.541,47.9,52.7,6.4,10.8,.513,16.2,18.6,.206,-11.75,97.1,108.8,68.3,-.035,-1.61,105.0,106.6,-2.81
Western Kentucky,32,15,17,.469,-5.80,-2.89,9,9,11,3,4,12,2209,2302,1280,777,1767,.440,214,606,.353,441,657,.671,302,1119,397,143,105,388,475,67.5,102.3,.372,.343,.531,50.3,51.1,6.6,9.0,.500,15.7,27.2,.250,-6.20,102.9,109.1,65.4,+.048,-2.99,102.9,105.9,-3.50
Western Michigan,32,16,16,.500,-0.78,-0.55,11,7,13,2,3,9,2417,2408,1285,863,1915,.451,209,563,.371,482,685,.704,370,1155,414,183,91,399,600,70.7,106.4,.358,.294,.539,52.0,48.0,8.1,8.0,.505,15.1,31.8,.252,+0.30,107.0,106.7,67.4,-.016,-0.34,105.4,105.8,+2.01
Wichita State,36,31,5,.861,21.24,2.96,17,1,16,1,9,1,2916,2246,1440,992,2114,.469,310,769,.403,622,848,.733,433,1472,586,235,140,406,676,69.4,116.7,.401,.364,.579,56.1,59.1,9.4,11.4,.543,13.9,34.2,.294,+26.41,119.6,93.2,68.3,-.014,+0.66,104.3,103.7,-0.03
William & Mary,31,17,14,.548,-0.14,-0.73,10,8,13,1,3,12,2534,2411,1250,887,1808,.491,283,740,.382,477,689,.692,271,1123,543,167,152,388,566,71.8,112.9,.381,.409,.593,51.0,61.2,7.4,13.5,.569,15.4,26.3,.264,+2.37,112.0,109.7,70.5,-.003,+0.85,105.8,104.9,+1.46
Winthrop,33,26,7,.788,1.34,-6.12,15,3,13,3,12,3,2615,2322,1350,891,1957,.455,313,839,.373,520,725,.717,316,1224,423,216,169,430,605,71.5,108.3,.370,.429,.568,50.3,47.5,8.9,13.1,.535,15.7,27.1,.266,+4.63,106.5,101.8,70.6,+.029,-7.60,100.3,107.9,+2.59
Wisconsin,37,27,10,.730,19.40,9.40,12,6,15,2,5,5,2678,2308,1500,971,2135,.455,283,788,.359,453,703,.644,460,1377,504,250,130,411,602,64.5,110.7,.329,.369,.542,54.7,51.9,10.3,9.8,.521,14.3,35.7,.212,+22.29,113.6,91.3,62.9,-.000,+9.09,109.9,100.8,-0.96
Wofford,33,16,17,.485,-0.71,-1.08,10,8,11,2,4,10,2593,2479,1350,900,1926,.467,311,771,.403,482,619,.779,323,1105,552,185,71,405,614,68.2,112.6,.321,.400,.584,50.3,61.3,8.0,5.7,.548,15.4,29.0,.250,+1.78,110.0,108.2,66.3,-.067,+1.43,105.7,104.3,+7.05
Wright State,32,20,12,.625,-1.02,-2.42,11,7,12,4,8,7,2465,2317,1290,817,1819,.449,285,749,.381,546,715,.764,326,1136,472,181,75,474,594,71.6,106.8,.393,.412,.571,51.8,57.8,7.8,6.8,.527,18.0,29.8,.300,+0.11,106.5,106.4,68.6,+.056,-2.17,102.9,105.0,+0.93
Wyoming,38,23,15,.605,2.83,0.55,8,10,19,3,3,10,2961,2833,1545,986,2265,.435,369,1055,.350,620,849,.730,322,1446,561,195,172,502,783,74.0,103.6,.375,.466,.555,49.2,56.9,6.8,11.1,.517,15.8,22.9,.274,+1.35,103.4,102.1,73.1,+.010,+0.30,104.7,104.4,-1.87
Xavier,38,24,14,.632,14.80,11.51,9,9,12,4,4,8,2836,2711,1525,981,2148,.457,267,776,.344,607,881,.689,451,1417,559,228,100,478,708,68.3,109.0,.410,.361,.553,54.4,57.0,8.8,7.7,.519,15.7,34.4,.283,+15.32,114.8,99.5,66.8,+.030,+11.06,110.8,99.7,+5.78
Yale,29,18,11,.621,0.21,-2.19,9,5,10,3,7,7,2151,2028,1165,769,1644,.468,208,582,.357,405,553,.732,301,1056,452,162,123,377,454,68.2,108.3,.336,.354,.564,52.4,58.8,8.2,11.5,.531,16.5,31.4,.246,+1.11,106.1,105.0,67.7,+.055,-1.71,103.8,105.5,-0.98
Youngstown State,34,13,21,.382,-9.75,-2.56,5,13,7,7,3,12,2616,2801,1390,981,2230,.440,250,750,.333,404,601,.672,355,1246,513,187,107,406,566,73.7,102.1,.270,.336,.520,47.4,52.3,7.3,7.5,.496,13.9,26.5,.181,-10.50,102.5,113.0,71.3,+.077,-2.24,103.1,105.3,-1.62
