School,G,W,L,W-L%,SRS,SOS,W,L,W,L,W,L,Tm.,Opp.,,Pace,ORtg,FTr,3PAr,TS%,TRB%,AST%,STL%,BLK%,eFG%,TOV%,ORB%,FT/FGA,AdjEM,AdjO,AdjD,AdjT,Luck,SOS AdjEM,OppO,OppD,NCSOS AdjEM
Abilene Christian,31,10,21,.323,-17.20,-6.34,4,14,7,6,1,14,1976,2186,,65.9,96.7,.289,.362,.516,44.6,56.7,9.9,3.6,.482,17.2,25.5,.210,-20.63,93.2,113.8,63.8,-.003,-5.96,102.0,108.0,-1.93
Air Force,31,14,17,.452,-1.85,-0.71,6,12,11,5,1,11,2037,2017,,61.1,107.1,.311,.399,.567,49.4,65.1,10.3,7.4,.548,16.9,29.1,.205,-3.01,108.1,111.2,61.7,-.065,-1.17,102.6,103.8,-11.14
Akron,35,21,14,.600,3.65,-0.47,9,9,15,3,2,9,2382,2203,,64.7,104.8,.311,.473,.523,50.5,52.8,10.1,12.1,.498,15.6,33.4,.205,+5.77,105.1,99.4,63.6,-.042,-0.98,104.0,105.0,-7.63
Alabama,34,19,15,.559,10.52,8.09,8,10,14,5,4,8,2280,2180,,63.1,105.4,.436,.404,.548,49.7,46.1,10.1,11.1,.505,16.4,30.0,.313,+12.28,111.6,99.3,62.2,-.032,+7.98,108.2,100.3,-1.61
Alabama A&M,29,9,20,.310,-17.15,-9.62,8,10,4,7,5,12,1797,1988,,64.5,95.6,.419,.376,.489,49.5,58.2,8.8,6.1,.451,18.3,35.8,.271,-19.09,95.0,114.1,63.5,-.021,-9.62,97.8,107.4,+7.67
Alabama State,29,19,10,.655,-8.97,-12.71,14,4,9,3,8,5,2090,1937,,69.8,102.9,.350,.276,.515,53.5,51.6,9.1,10.6,.487,16.4,35.9,.228,-8.31,97.8,106.1,67.5,+.030,-15.38,94.7,110.1,-2.60
Alabama-Birmingham,36,20,16,.556,1.94,1.62,12,6,13,4,3,8,2476,2452,,65.9,101.5,.350,.297,.520,51.0,59.1,9.7,13.0,.477,16.8,34.2,.259,+3.29,107.2,103.9,60.8,+.054,-5.50,100.4,105.9,+0.18
Albany (NY),33,24,9,.727,-0.34,-5.18,15,1,12,3,12,5,2156,1996,,61.2,106.4,.390,.343,.546,53.5,47.9,9.2,5.5,.499,16.2,32.6,.296,-24.34,92.9,117.3,66.8,-.059,-10.18,97.5,107.7,+5.37
Alcorn State,32,6,26,.188,-20.75,-9.95,4,14,4,7,1,15,2066,2377,,68.2,94.6,.378,.297,.470,46.4,39.4,8.7,6.7,.430,14.3,31.2,.248,-1.77,102.5,104.2,56.8,+.015,-2.32,103.7,106.0,+2.69
American,33,17,16,.515,-3.56,-3.71,8,10,8,3,7,13,1938,1933,,57.1,101.5,.344,.386,.563,45.7,59.7,10.3,8.0,.534,17.7,21.4,.243,-9.63,98.3,107.9,65.3,+.074,-2.64,102.5,105.1,+0.27
Appalachian State,29,12,17,.414,-9.81,-3.18,9,11,7,5,5,12,1841,2033,,66.5,95.4,.335,.367,.496,49.9,49.9,6.3,5.4,.456,17.6,31.2,.238,+32.36,119.9,87.5,65.8,-.033,+7.37,108.3,100.9,+0.09
Arizona,38,34,4,.895,24.33,7.41,16,2,17,0,8,3,2911,2268,,66.5,114.7,.471,.259,.575,56.8,52.3,10.8,9.8,.535,14.2,34.5,.338,+11.13,109.8,98.7,65.8,-.035,+6.57,106.7,100.2,-2.47
Arizona State,34,18,16,.529,9.52,6.66,9,9,15,3,3,10,2360,2263,,66.0,103.3,.421,.363,.541,52.9,53.3,8.7,6.1,.509,17.8,31.8,.281,+16.44,114.7,98.3,69.3,+.045,+6.09,107.2,101.1,-3.44
Arkansas,36,27,9,.750,14.07,6.79,13,5,17,2,7,5,2787,2525,,70.1,109.6,.373,.310,.539,50.2,59.2,10.9,12.0,.500,14.3,35.7,.270,-5.63,104.3,109.9,64.3,-.048,-4.76,100.6,105.4,-4.87
Arkansas State,29,11,18,.379,-10.10,-3.81,6,14,5,9,6,9,1869,2018,,66.9,95.5,.325,.315,.496,49.1,48.3,7.9,8.1,.459,17.2,30.3,.228,-16.89,92.5,109.4,63.2,+.037,-8.36,99.3,107.7,+4.44
Arkansas-Pine Bluff,32,12,20,.375,-15.65,-8.61,9,9,5,4,5,13,1915,2140,,64.7,92.2,.356,.374,.500,45.0,49.2,13.6,10.7,.463,20.3,30.5,.242,-10.83,96.2,107.0,65.7,+.023,-3.81,101.8,105.6,-3.98
Army,30,15,15,.500,-6.50,-4.98,6,12,7,7,7,8,2164,2163,,69.0,103.2,.315,.394,.532,49.3,56.1,9.2,8.8,.505,16.3,30.4,.214,-7.50,100.2,107.8,69.2,+.032,-6.16,102.3,108.4,-7.18
Auburn,35,15,20,.429,3.27,8.15,4,14,9,8,2,10,2378,2523,,67.9,99.0,.484,.387,.514,46.0,49.5,9.9,7.0,.471,16.4,28.0,.322,+2.45,105.8,103.3,67.2,+.058,+7.98,107.3,99.3,+1.26
Austin Peay,30,8,22,.267,-12.45,-2.81,3,13,6,7,1,14,1937,2178,,68.2,94.6,.411,.308,.486,50.3,54.3,9.3,12.1,.444,17.7,33.0,.274,-14.20,94.8,109.0,66.6,-.004,-1.93,104.2,106.2,-0.21
Ball State,30,7,23,.233,-5.06,0.04,2,16,6,9,1,14,1961,2070,,64.0,99.9,.355,.433,.531,50.2,57.2,8.1,6.8,.497,18.7,30.2,.246,-7.65,100.4,108.0,63.5,-.130,+1.38,104.8,103.4,-4.30
Baylor,34,24,10,.706,17.85,9.33,11,7,16,2,6,5,2349,2048,,62.8,109.2,.386,.334,.530,55.9,61.1,12.2,11.2,.497,16.4,42.4,.260,+22.14,116.6,94.5,61.5,-.035,+10.22,108.9,98.7,-0.51
Belmont,33,22,11,.667,0.35,-2.77,11,5,12,2,7,8,2450,2330,,67.5,109.9,.324,.480,.589,50.3,58.7,9.4,5.5,.567,17.8,29.0,.225,+2.27,110.2,107.9,66.9,+.065,-3.33,102.4,105.7,-1.68
Bethune-Cookman,32,11,21,.344,-15.52,-10.45,7,9,6,8,4,11,1899,2003,,61.3,96.7,.429,.346,.503,51.1,42.1,8.9,8.1,.452,19.2,35.6,.308,-18.66,91.2,109.9,60.2,-.033,-11.26,98.7,110.0,-6.77
Binghamton,32,6,26,.188,-13.45,-3.49,5,11,5,9,1,15,1845,2124,,63.4,90.7,.387,.347,.488,46.9,43.9,9.1,7.8,.450,18.6,26.5,.255,-16.41,94.0,110.4,63.0,-.047,-2.91,101.8,104.7,+1.78
Boise State,34,25,9,.735,10.01,1.38,14,4,13,1,8,5,2390,2045,,62.4,110.5,.324,.416,.568,52.1,49.2,9.5,7.0,.537,14.2,28.4,.236,+13.85,111.9,98.1,62.8,+.009,+0.94,104.8,103.9,-0.31
Boston College,32,13,19,.406,6.32,7.94,4,14,9,8,2,7,2105,2157,,63.9,101.4,.350,.382,.541,48.0,56.7,8.8,7.5,.507,16.7,26.1,.247,+5.61,107.9,102.3,63.4,-.035,+8.01,108.0,100.0,-4.64
Boston University,30,13,17,.433,-5.63,-3.12,9,9,8,6,5,10,2037,2087,,63.7,105.7,.450,.421,.560,50.7,55.1,8.8,5.8,.523,16.9,28.5,.313,-6.29,106.4,112.7,64.2,+.006,-3.45,102.9,106.4,+1.66
Bowling Green State,33,21,12,.636,2.93,-1.25,11,7,11,6,10,5,2196,2076,,63.8,103.9,.326,.358,.527,51.0,52.2,10.4,11.2,.491,15.6,31.4,.233,+5.20,105.9,100.7,63.7,+.006,-1.56,103.6,105.2,-5.19
Bradley,33,9,24,.273,-4.30,1.52,3,15,7,9,1,10,1882,2026,,61.1,91.9,.377,.349,.469,50.5,48.2,11.1,9.6,.429,17.3,32.5,.250,-7.51,93.7,101.3,62.1,-.043,+0.92,104.9,104.0,-3.60
Brigham Young,35,25,10,.714,13.53,5.02,13,5,13,3,8,3,2931,2561,,70.7,116.7,.424,.365,.584,53.2,60.9,10.2,7.4,.539,14.2,34.1,.325,-8.42,99.4,107.8,67.4,+.049,-1.94,102.2,104.1,-3.82
Brown,31,13,18,.419,-7.23,-1.99,4,10,9,6,3,11,2048,2144,,67.6,97.3,.448,.338,.520,51.1,53.8,6.6,11.1,.477,18.9,30.6,.309,-5.85,104.1,109.9,63.1,+.064,-4.60,101.4,106.0,+2.86
Bryant,31,16,15,.516,-6.28,-4.93,12,6,9,5,7,10,2058,2100,,63.8,102.9,.328,.388,.529,49.0,53.7,7.9,7.0,.488,15.8,29.5,.246,-2.80,105.8,108.6,64.2,+.076,-3.27,103.7,107.0,+1.96
Bucknell,34,19,15,.559,-3.66,-2.75,13,5,12,4,6,11,2339,2346,,64.1,105.8,.397,.331,.538,51.6,55.8,6.3,7.3,.501,14.8,29.9,.277,+11.87,111.3,99.4,68.3,+.001,+1.83,106.0,104.2,+0.81
Buffalo,33,23,10,.697,7.93,1.60,12,6,11,2,9,7,2462,2253,,68.7,108.5,.426,.303,.533,52.0,51.7,10.9,11.3,.487,14.1,34.5,.306,+20.09,110.2,90.1,63.2,-.023,+9.72,110.6,100.9,+0.69
Butler,34,23,11,.676,16.64,8.62,12,6,13,3,7,4,2346,2073,,64.2,105.9,.408,.287,.522,54.2,47.5,9.8,8.8,.484,14.3,34.7,.279,+16.69,119.4,102.7,70.4,-.055,+3.96,107.0,103.0,+3.78
Cal Poly,29,13,16,.448,-0.57,0.43,6,10,7,4,5,10,1752,1721,,59.3,101.0,.318,.335,.479,51.0,47.6,9.1,8.9,.442,12.2,32.6,.218,+1.24,102.9,101.7,58.6,-.056,+2.15,105.9,103.7,+6.11
Cal State Bakersfield,33,14,19,.424,-6.40,-5.80,7,7,9,5,3,10,2100,2028,,61.2,102.1,.393,.325,.520,53.8,59.7,9.2,6.1,.474,16.8,34.2,.284,-6.44,99.7,106.2,60.5,-.124,-6.99,99.9,106.9,-2.96
Cal State Fullerton,31,9,22,.290,-8.58,-1.06,1,15,6,9,1,13,1991,2155,,65.6,96.7,.368,.309,.500,50.7,43.7,7.6,5.5,.461,16.4,29.2,.253,-10.62,99.1,109.7,65.7,-.009,-0.35,103.3,103.7,-2.31
Cal State Northridge,33,9,24,.273,-6.61,0.39,4,12,7,9,1,14,2148,2325,,65.9,98.0,.418,.193,.514,50.4,59.9,8.2,11.0,.456,17.2,29.7,.320,-8.44,100.8,109.2,64.8,-.041,+0.92,104.6,103.6,+0.57
Campbell,32,10,22,.313,-11.13,-5.30,4,14,9,6,1,15,2045,2124,,63.3,100.6,.361,.445,.528,48.4,59.4,11.1,8.3,.505,17.2,28.5,.226,+5.25,104.2,99.0,65.3,+.062,+5.58,107.8,102.2,-3.07
Canisius,33,18,15,.545,-0.04,-2.79,11,9,10,5,8,8,2168,2077,,64.2,101.5,.320,.363,.505,50.4,61.0,10.4,10.1,.466,15.5,34.0,.230,-11.85,97.7,109.5,61.3,-.089,-4.38,103.8,108.2,-0.29
Central Arkansas,29,2,27,.069,-22.84,-5.94,2,16,2,11,0,16,1894,2384,,71.3,91.6,.393,.365,.524,45.8,55.9,8.8,9.4,.488,22.6,28.0,.266,+1.81,103.6,101.8,63.4,-.049,-2.64,102.0,104.7,+0.33
Central Connecticut State,31,5,26,.161,-16.56,-5.62,3,15,4,9,1,13,1834,2173,,64.0,92.1,.286,.271,.482,48.9,50.4,7.7,9.3,.446,18.3,30.9,.203,-27.67,91.0,118.7,69.0,+.004,-6.32,101.7,108.0,-1.45
Central Florida,30,12,18,.400,-5.73,0.78,5,13,10,8,2,9,1981,2153,,64.0,100.7,.356,.356,.523,47.5,52.4,7.9,10.2,.497,17.1,30.7,.229,-20.70,92.9,113.6,62.8,-.012,-6.19,100.6,106.8,-3.89
Central Michigan,32,23,9,.719,5.56,-1.10,12,6,16,1,6,7,2504,2187,,66.6,117.0,.369,.476,.587,50.0,52.7,10.6,7.5,.556,13.2,30.3,.268,+8.23,114.9,106.6,64.4,+.015,-1.27,104.4,105.7,-12.27
Charleston Southern,31,19,12,.613,-4.48,-5.23,13,5,13,2,6,9,2277,2130,,66.5,108.8,.343,.458,.530,52.3,51.1,10.2,6.8,.499,14.2,34.1,.236,-2.17,107.0,109.2,65.2,+.053,-4.72,102.6,107.4,+4.65
Charlotte,32,14,18,.438,1.76,0.35,7,11,7,6,5,9,2362,2317,,67.2,106.5,.370,.288,.542,51.4,50.9,9.3,6.8,.517,16.6,33.8,.240,+1.92,109.9,108.0,66.8,-.105,+0.30,103.4,103.1,+4.53
Chattanooga,32,22,10,.688,-1.63,-4.06,15,3,15,2,7,7,2325,2141,,66.2,107.7,.434,.354,.549,51.0,48.4,9.7,16.2,.514,16.5,33.9,.298,+0.09,105.6,105.5,64.5,+.101,-6.12,102.4,108.5,-0.75
Chicago State,32,8,24,.250,-14.76,-2.48,4,10,7,5,1,16,1855,2115,,64.5,89.5,.294,.369,.466,48.8,44.8,12.9,9.8,.433,19.1,33.4,.196,-18.17,89.3,107.5,62.6,-.012,-1.65,103.9,105.5,+6.56
Cincinnati,34,23,11,.676,10.72,4.40,13,5,15,3,6,5,2113,1898,,59.6,102.8,.371,.297,.527,53.5,51.8,10.8,15.4,.495,17.7,37.3,.249,+14.15,108.2,94.0,59.8,-.016,+3.39,104.9,101.5,+1.69
Citadel,30,11,19,.367,-12.91,-4.68,6,12,8,6,3,10,1919,2058,,60.3,105.3,.380,.359,.566,49.8,60.9,7.7,6.4,.522,18.8,32.0,.292,+7.82,104.5,96.7,61.6,+.009,+6.49,108.1,101.6,-3.83
Clemson,31,16,15,.516,7.73,7.18,8,10,11,6,3,7,1944,1927,,62.8,99.1,.344,.339,.496,51.5,47.9,8.6,12.9,.460,15.7,34.1,.234,+7.42,108.3,100.9,61.1,-.098,+0.26,104.4,104.1,+1.57
Cleveland State,34,19,15,.559,3.07,-0.78,11,5,12,3,6,12,2296,2098,,62.3,110.4,.316,.357,.567,50.9,55.5,12.0,10.5,.519,16.8,33.2,.217,+2.38,106.7,104.3,64.1,+.006,-6.45,102.2,108.6,-1.05
Coastal Carolina,34,24,10,.706,-1.02,-6.18,12,6,14,2,8,7,2438,2121,,65.2,110.0,.411,.333,.537,55.7,46.1,10.8,10.2,.500,15.0,37.5,.283,-1.24,108.0,109.2,60.7,-.055,-3.48,102.8,106.3,+3.71
Colgate,33,16,17,.485,-2.91,-3.41,12,6,10,5,6,12,2177,2125,,60.5,107.1,.273,.391,.580,49.3,55.5,8.4,7.6,.560,16.8,24.1,.190,-9.32,96.1,105.5,60.8,-.075,-1.55,104.8,106.3,+1.30
College of Charleston,33,9,24,.273,-7.23,-1.26,3,15,5,9,2,12,1934,2131,,61.7,94.2,.324,.337,.491,47.4,46.2,8.9,8.5,.459,16.8,27.6,.214,+7.09,107.5,100.5,65.0,-.041,+5.63,107.7,102.1,-0.94
Colorado,34,16,18,.471,7.01,6.19,7,11,12,5,2,11,2345,2317,,65.6,103.6,.408,.287,.528,53.6,49.3,8.6,11.1,.484,16.8,34.4,.291,+10.01,111.6,101.6,66.6,+.087,-0.22,103.9,104.1,-1.63
Colorado State,34,27,7,.794,8.12,0.69,13,5,15,2,8,4,2454,2181,,65.3,110.1,.418,.368,.539,54.3,59.6,8.5,9.8,.505,13.7,34.3,.281,+0.12,107.5,107.4,60.2,-.090,-2.22,102.2,104.4,-3.11
Columbia,28,13,15,.464,-0.38,-1.49,5,9,9,7,4,7,1816,1737,,60.6,107.0,.286,.461,.550,51.9,52.3,8.1,10.1,.522,16.6,32.5,.205,+9.98,107.7,97.7,62.1,-.065,+3.07,104.8,101.7,+4.02
Connecticut,35,20,15,.571,8.28,4.22,10,8,11,5,4,7,2243,2101,,61.9,103.2,.323,.349,.533,50.8,52.0,7.6,14.8,.501,16.1,30.1,.229,-17.04,99.1,116.1,73.7,-.008,-3.03,102.1,105.2,+9.27
Coppin State,31,8,23,.258,-17.84,-4.78,6,10,4,7,3,15,2219,2558,,73.6,97.3,.310,.433,.507,42.8,51.5,9.1,7.6,.475,16.1,25.8,.214,-2.87,96.9,99.7,64.2,-.032,-1.46,102.7,104.1,-1.89
Cornell,30,13,17,.433,-3.58,-1.92,5,9,8,5,5,9,1868,1838,,64.4,95.9,.392,.372,.505,47.3,50.7,9.6,14.6,.453,16.3,24.2,.293,+8.36,111.0,102.6,62.1,-.083,+7.79,107.9,100.1,-3.41
Creighton,33,14,19,.424,7.48,7.05,4,14,9,8,3,9,2221,2207,,63.3,104.8,.363,.427,.533,51.5,60.2,6.9,6.7,.494,15.8,31.3,.263,-0.67,102.0,102.7,63.4,-.027,-2.13,102.4,104.5,-3.61
Dartmouth,29,14,15,.483,-3.11,-3.32,7,7,8,4,6,11,1835,1829,,62.9,99.8,.357,.331,.520,50.7,54.3,12.1,11.6,.492,17.4,30.9,.230,+15.00,119.7,104.7,66.7,+.056,+3.16,105.3,102.2,-3.78
Davidson,32,24,8,.750,11.97,3.19,14,4,14,1,9,4,2529,2221,,67.2,117.1,.287,.456,.578,50.3,60.9,7.9,7.5,.556,12.2,30.0,.203,+14.24,109.2,95.0,63.4,+.022,+3.39,105.4,102.0,+0.07
Dayton,36,27,9,.750,10.98,4.06,13,5,16,0,5,6,2439,2190,,64.2,105.1,.482,.382,.565,48.6,60.5,10.8,7.2,.530,16.1,23.3,.330,-7.92,101.7,109.6,65.3,+.024,-1.68,103.8,105.5,-0.07
DePaul,32,12,20,.375,3.30,7.49,6,12,9,7,3,9,2220,2354,,67.3,102.7,.365,.405,.544,45.9,52.2,9.8,10.3,.507,17.3,27.4,.263,-8.25,101.5,109.7,67.1,+.063,-4.87,100.5,105.4,+6.76
Delaware,30,10,20,.333,-7.76,-1.69,9,9,5,8,5,10,1979,2161,,65.7,99.1,.381,.350,.509,48.7,55.7,6.4,9.8,.471,15.9,28.8,.261,-4.58,106.0,110.6,57.1,-.067,-3.73,102.8,106.6,-2.16
Delaware State,36,18,18,.500,-10.78,-6.75,9,7,6,6,9,11,2533,2607,,69.2,101.3,.317,.376,.519,50.7,48.4,7.2,10.3,.485,16.6,31.8,.224,+1.77,108.6,106.8,67.0,-.001,+7.69,108.3,100.6,-3.42
Denver,30,12,18,.400,-3.96,-3.13,6,10,9,7,3,10,1865,1890,,58.2,105.5,.312,.430,.593,45.5,69.6,10.1,5.9,.562,17.7,19.3,.239,-1.34,103.3,104.6,67.3,-.008,+0.91,106.0,105.1,+4.35
Detroit Mercy,33,15,18,.455,-2.25,0.13,7,9,10,6,3,11,2334,2335,,68.2,102.5,.328,.319,.535,49.8,52.9,11.2,10.9,.506,16.6,30.1,.224,-9.03,105.3,114.3,58.9,-.027,+2.66,104.5,101.9,+2.05
Drake,31,9,22,.290,-6.04,2.22,6,12,8,7,1,11,1844,2070,,58.9,100.2,.345,.351,.567,47.1,58.1,7.5,6.0,.528,20.1,23.4,.265,-7.24,99.3,106.5,60.7,+.003,-1.50,103.7,105.2,+2.20
Drexel,30,11,19,.367,-5.71,-0.85,9,9,5,9,5,6,1787,1930,,61.4,96.5,.328,.344,.493,47.7,51.6,8.4,10.1,.447,14.7,28.0,.244,+32.48,124.5,92.0,65.8,+.067,+11.17,110.7,99.5,+1.31
Duke,39,35,4,.897,24.97,9.87,15,3,15,1,9,2,3091,2502,,65.9,119.4,.398,.334,.593,53.9,53.5,10.7,9.0,.566,13.9,35.8,.278,-4.26,108.6,112.9,67.3,-.015,+1.03,103.7,102.7,-8.19
Duquesne,31,12,19,.387,-2.93,1.41,6,12,9,7,2,10,2213,2303,,67.2,105.9,.323,.371,.537,50.0,58.0,7.6,9.4,.518,15.6,32.3,.202,-4.89,103.7,108.6,61.2,-.002,+0.04,103.2,103.2,-6.07
East Carolina,33,14,19,.424,-2.84,1.00,6,12,11,5,1,11,2116,2176,,63.1,101.2,.317,.373,.518,47.6,59.1,10.0,5.7,.488,15.6,29.8,.216,-4.29,103.2,107.5,67.7,+.036,-4.13,103.2,107.3,+4.74
East Tennessee State,30,16,14,.533,-4.80,-4.01,8,10,10,4,6,9,2201,2140,,68.8,105.8,.386,.446,.543,49.3,52.9,11.3,9.1,.504,15.8,30.8,.279,-4.95,100.3,105.2,63.2,+.119,-1.20,104.4,105.6,+2.87
Eastern Illinois,33,18,15,.545,-5.52,-2.42,9,7,9,5,7,8,2097,2136,,63.2,99.9,.329,.379,.535,45.9,58.3,8.9,12.0,.511,16.8,24.3,.215,+3.46,106.3,102.8,63.5,-.030,-4.84,102.3,107.1,-2.63
Eastern Kentucky,33,21,12,.636,-0.03,-4.16,11,5,13,4,8,7,2373,2100,,65.5,108.9,.319,.475,.584,44.3,60.5,14.7,10.1,.549,15.6,22.7,.248,+2.69,101.8,99.2,66.0,-.001,-0.32,105.7,106.0,-4.35
Eastern Michigan,35,21,14,.600,1.96,-0.14,8,10,16,3,4,10,2429,2230,,66.7,102.9,.416,.378,.517,49.4,46.0,12.9,13.5,.469,14.9,31.7,.299,+3.25,112.9,109.6,68.2,+.067,-3.75,104.2,108.0,+3.94
Eastern Washington,35,26,9,.743,0.79,-3.84,14,4,13,2,11,6,2820,2588,,68.3,117.1,.352,.421,.591,50.0,46.5,9.1,13.0,.562,13.6,29.9,.255,-7.23,98.5,105.7,68.0,+.053,-3.20,104.0,107.2,-4.22
Elon,33,15,18,.455,-5.91,-2.69,6,12,8,6,5,10,2329,2329,,69.5,100.5,.365,.359,.521,48.4,48.8,9.2,3.8,.486,16.4,28.8,.249,+5.25,106.6,101.3,66.2,+.039,-0.75,103.7,104.4,-5.22
Evansville,36,24,12,.667,3.36,-0.07,9,9,14,5,8,5,2552,2361,,66.1,106.1,.433,.232,.571,50.8,63.8,8.7,9.9,.526,16.9,26.5,.324,-10.90,95.4,106.3,61.2,-.085,-2.99,102.6,105.6,-1.87
Fairfield,31,7,24,.226,-8.63,-2.31,5,15,4,11,2,11,1845,2041,,62.1,93.9,.371,.389,.497,46.7,52.8,7.8,9.1,.452,17.6,27.3,.266,-15.07,97.4,112.5,67.4,+.053,-4.48,102.3,106.8,+2.59
Fairleigh Dickinson,29,8,21,.276,-12.22,-4.54,3,15,4,9,4,12,1956,2130,,67.7,98.3,.336,.379,.509,43.1,47.7,12.7,9.4,.473,16.2,28.1,.233,-8.57,96.0,104.6,64.6,+.090,-3.13,101.8,104.9,-5.58
Florida,33,16,17,.485,13.27,9.67,8,10,11,5,2,9,2101,1982,,62.8,100.6,.314,.382,.519,50.9,56.3,10.9,10.5,.496,16.8,31.7,.199,+15.39,107.3,91.9,62.7,-.117,+10.08,109.5,99.4,+4.19
Florida A&M,29,2,27,.069,-26.04,-8.52,2,14,2,9,0,17,1607,2115,,65.7,84.3,.378,.281,.454,45.1,43.0,7.5,6.1,.413,19.0,26.8,.245,-31.73,85.4,117.1,65.3,-.020,-8.50,99.4,107.9,-2.52
Florida Atlantic,29,9,20,.310,-7.80,-2.06,2,16,7,7,2,13,1815,1934,,64.2,97.1,.286,.391,.511,47.0,45.6,6.7,8.1,.485,17.1,26.9,.193,-10.28,98.7,109.0,63.9,-.053,-2.27,102.4,104.7,-2.59
Florida Gulf Coast,33,22,11,.667,-1.81,-4.98,11,3,14,4,6,6,2224,2085,,64.9,103.5,.320,.311,.513,52.0,57.4,8.6,10.6,.485,15.1,34.3,.212,-1.92,101.6,103.6,64.2,+.044,-6.76,102.1,108.9,+1.54
Florida International,33,16,17,.485,-7.78,-3.23,8,10,8,4,6,10,2060,2153,,65.5,94.3,.382,.287,.515,49.7,49.9,10.3,13.3,.487,19.8,29.0,.243,+6.37,105.6,99.3,65.9,+.038,+5.95,107.6,101.6,-4.74
Florida State,33,17,16,.515,6.69,7.02,8,10,12,6,3,7,2199,2210,,65.7,100.6,.469,.282,.539,50.9,49.8,8.3,12.7,.501,19.0,31.8,.314,-3.49,102.0,105.5,65.4,-.060,+2.63,104.0,101.4,-4.76
Fordham,31,10,21,.323,-2.15,2.72,4,14,8,8,1,11,2015,2144,,66.3,97.6,.326,.358,.509,52.2,54.9,10.1,11.3,.470,18.6,34.2,.237,-2.92,102.8,105.7,64.9,+.068,+1.53,103.7,102.1,-0.26
Fort Wayne,31,16,15,.516,-3.13,-3.41,9,7,10,5,6,9,2171,2081,,65.4,107.1,.402,.386,.569,50.3,58.9,8.8,8.1,.539,16.0,25.2,.276,-13.18,98.3,111.5,62.4,-.024,-4.21,103.5,107.7,+2.40
Fresno State,32,15,17,.469,-2.23,1.30,10,8,11,3,4,10,2086,2123,,64.3,100.1,.391,.330,.520,47.6,46.3,12.0,10.4,.481,15.1,27.0,.270,-3.84,107.6,111.4,67.4,+.085,-1.92,103.9,105.8,+6.81
Furman,33,11,22,.333,-10.55,-3.46,5,13,7,7,1,14,2098,2245,,63.1,100.0,.438,.402,.531,49.4,48.8,8.7,8.2,.494,18.1,29.7,.293,-3.08,102.9,106.0,64.0,-.032,+4.64,105.8,101.1,+2.98
Gardner-Webb,35,20,15,.571,-5.24,-3.11,10,8,12,2,5,11,2619,2595,,68.4,107.8,.378,.406,.547,49.9,62.2,9.6,5.7,.519,15.2,31.2,.253,+10.19,108.4,98.2,61.9,+.009,+3.34,105.7,102.4,-1.96
George Mason,31,9,22,.290,-1.43,4.60,4,14,7,8,2,9,1996,2147,,65.1,97.7,.406,.244,.503,52.2,44.5,9.2,11.3,.465,18.3,36.0,.271,+19.13,114.3,95.1,64.0,-.000,+10.23,110.5,100.3,+3.24
George Washington,35,22,13,.629,8.07,2.79,10,8,12,2,5,10,2354,2169,,63.4,105.0,.400,.289,.524,52.7,49.3,8.8,10.6,.489,15.8,35.6,.269,+15.09,109.6,94.5,64.1,+.001,+8.73,108.6,99.9,+1.41
Georgetown,33,22,11,.667,15.48,9.81,12,6,13,3,5,4,2340,2153,,64.6,108.1,.439,.325,.552,52.2,53.4,11.6,14.1,.513,16.4,34.3,.309,+1.89,100.5,98.6,63.4,+.022,-5.07,100.9,106.0,-8.48
Georgia,33,21,12,.636,12.42,8.60,11,7,12,4,8,4,2250,2124,,64.8,102.8,.477,.311,.530,53.0,55.0,8.4,12.4,.485,16.5,32.2,.331,+10.32,111.6,101.3,62.4,-.003,-1.47,102.4,103.9,+3.63
Georgia Southern,31,22,9,.710,-0.40,-4.72,14,6,13,2,8,6,2112,1865,,65.0,104.0,.349,.419,.513,51.3,49.2,11.1,9.4,.482,15.1,34.2,.233,+7.67,103.7,96.0,63.7,-.070,+8.38,109.0,100.6,+0.43
Georgia State,35,25,10,.714,5.47,-2.03,15,5,12,1,8,8,2499,2184,,64.3,109.8,.383,.278,.563,48.9,53.1,14.1,13.5,.527,14.2,30.0,.277,+27.78,121.7,93.9,64.7,+.018,+4.37,107.3,102.9,+3.00
Georgia Tech,31,12,19,.387,7.16,8.45,3,15,8,8,2,9,1962,2002,,63.9,97.4,.311,.273,.475,55.2,49.3,8.8,9.4,.444,16.0,38.7,.202,-37.65,78.9,116.6,65.4,-.077,-8.68,99.1,107.8,+12.83
Gonzaga,38,35,3,.921,21.12,5.12,17,1,15,1,10,1,2989,2343,,65.2,120.3,.387,.317,.606,55.5,57.2,9.1,8.4,.584,13.9,34.1,.267,-8.29,106.5,114.8,64.5,+.021,-9.20,98.7,107.9,-7.39
Grambling,29,2,27,.069,-30.67,-8.00,0,18,2,9,0,17,1509,2105,,65.7,79.2,.412,.258,.445,47.3,43.9,8.1,4.9,.398,22.3,29.9,.268,+10.11,104.7,94.6,64.9,+.031,+0.01,105.4,105.4,+1.78
Grand Canyon,32,17,15,.531,-6.62,-5.45,8,6,13,8,4,7,2198,2188,,64.7,106.2,.400,.353,.549,47.4,51.1,8.3,7.9,.510,15.2,27.2,.286,-7.40,96.6,104.0,69.2,+.031,-7.48,99.5,106.9,-0.55
Green Bay,33,24,9,.727,5.70,-0.40,12,4,13,1,6,7,2252,2006,,65.0,104.6,.390,.265,.525,51.9,56.0,11.4,13.5,.498,15.4,32.9,.251,-9.65,97.4,107.1,63.0,+.076,-5.40,100.2,105.6,-1.91
Hampton,35,17,18,.486,-8.25,-7.08,8,8,6,5,5,12,2346,2387,,69.5,96.1,.438,.326,.496,50.1,46.7,9.6,10.5,.456,17.3,31.8,.286,+9.23,104.8,95.6,61.1,+.091,-0.18,104.3,104.5,+0.36
Hartford,30,14,16,.467,-8.58,-5.16,7,9,7,7,7,8,1858,1924,,63.4,96.5,.299,.452,.510,47.2,56.1,9.7,4.9,.478,16.6,25.7,.209,+3.73,105.1,101.4,68.9,-.009,-1.97,103.3,105.2,-5.29
Harvard,30,22,8,.733,4.47,-0.25,12,3,12,2,9,4,1926,1727,,61.2,103.2,.393,.266,.524,52.5,57.2,11.4,13.1,.481,16.0,32.7,.283,+2.03,108.4,106.4,62.2,+.103,-3.50,103.7,107.2,+4.07
Hawaii,35,22,13,.629,2.65,-0.83,8,8,13,5,3,5,2551,2387,,69.9,103.5,.371,.341,.528,49.3,51.6,13.7,11.1,.493,16.2,33.0,.254,+5.43,112.0,106.6,68.7,-.111,-5.12,102.0,107.2,-7.32
High Point,33,23,10,.697,-2.47,-4.61,13,5,12,2,9,7,2407,2231,,63.7,110.4,.357,.295,.567,50.3,56.5,9.4,8.5,.531,15.0,30.8,.263,-6.49,101.2,107.7,63.6,+.030,-3.91,103.2,107.1,+1.85
Hofstra,34,20,14,.588,3.78,-4.46,10,8,8,7,10,6,2668,2388,,69.2,112.6,.398,.416,.557,51.6,58.2,10.7,7.2,.523,13.7,32.7,.279,-3.85,101.4,105.2,64.2,-.057,-2.75,101.8,104.6,-14.23
Holy Cross,30,14,16,.467,-6.23,-3.82,8,10,10,4,3,12,1981,2020,,63.6,102.1,.346,.339,.518,48.7,48.3,11.7,14.1,.479,14.6,29.8,.247,-14.21,101.3,115.5,66.2,+.029,-4.69,102.4,107.1,+3.61
Houston,32,13,19,.406,-2.06,-0.91,4,14,9,8,2,9,2060,2097,,63.9,99.2,.320,.451,.498,49.2,53.3,8.9,10.4,.465,17.0,33.6,.218,-7.91,93.9,101.9,62.7,+.016,-6.17,100.7,106.9,+2.76
Houston Baptist,28,12,16,.429,-13.18,-5.63,7,11,10,3,2,13,2028,2063,,69.3,104.0,.383,.250,.538,54.6,47.8,8.5,10.6,.497,18.5,38.4,.278,-5.29,107.7,112.9,67.5,-.070,-4.51,104.3,108.8,+1.05
Howard,32,16,16,.500,-9.89,-7.86,10,6,9,3,7,12,2032,2004,,64.8,96.4,.435,.309,.519,51.2,38.8,11.5,12.6,.475,20.9,34.2,.304,-13.77,97.5,111.3,63.4,-.092,-5.46,103.5,108.9,-2.50
IUPUI,31,10,21,.323,-8.28,-1.93,6,10,5,8,5,12,1883,2080,,64.0,92.3,.328,.262,.502,50.8,50.3,10.7,6.0,.465,20.4,31.1,.230,+11.68,108.3,96.7,64.8,-.026,+6.59,107.8,101.2,-4.22
Idaho,30,13,17,.433,-5.75,-4.79,8,10,11,3,2,12,2301,2269,,68.2,110.7,.372,.331,.566,52.9,50.3,6.7,6.0,.535,15.1,31.2,.264,-9.61,101.2,110.8,64.4,-.009,+0.10,104.8,104.7,+0.49
Idaho State,30,7,23,.233,-11.52,-5.45,4,14,6,7,1,14,1937,2075,,64.0,100.5,.378,.264,.517,48.7,48.2,10.7,8.3,.487,15.9,29.9,.246,+11.67,107.7,96.1,64.7,-.050,+3.20,106.1,102.9,+1.90
Illinois,33,19,14,.576,12.42,6.93,9,9,14,3,2,9,2281,2100,,65.0,105.5,.312,.352,.522,50.4,49.5,9.6,9.2,.476,13.1,30.2,.248,-5.06,107.5,112.6,67.4,+.041,-6.57,101.1,107.7,+5.19
Illinois State,35,22,13,.629,7.96,2.87,11,7,11,5,7,6,2385,2170,,64.1,105.2,.347,.316,.526,53.1,48.2,11.2,12.7,.489,16.5,36.4,.247,+13.83,119.8,106.0,66.6,-.044,+6.92,107.8,100.9,-5.96
Illinois-Chicago,34,10,24,.294,-7.86,-0.36,4,12,7,9,2,11,2201,2389,,64.8,99.5,.398,.336,.495,49.5,57.0,9.3,7.3,.442,14.4,31.1,.294,-0.70,102.7,103.4,66.6,+.015,+0.23,103.5,103.2,-4.16
Incarnate Word,29,18,11,.621,-6.15,-6.47,10,8,11,3,7,8,2298,2180,,69.6,111.1,.454,.334,.574,48.2,49.4,11.1,10.5,.531,14.1,27.2,.333,+6.18,113.6,107.4,69.7,+.048,-2.25,102.1,104.4,+1.64
Indiana,34,20,14,.588,12.94,7.20,9,9,15,4,3,6,2633,2438,,66.9,115.3,.327,.395,.573,52.2,51.2,7.4,7.8,.544,14.6,35.2,.235,+19.02,114.2,95.1,63.7,-.007,+8.58,108.9,100.4,-1.58
Indiana State,31,15,16,.484,-0.49,1.21,11,7,10,6,5,7,2060,2101,,66.0,98.6,.421,.394,.536,48.2,58.4,8.4,8.3,.496,18.5,26.5,.295,+21.49,119.0,97.5,69.6,+.005,+10.59,109.0,98.5,-1.18
Iona,35,26,9,.743,3.71,-2.52,17,3,13,0,10,8,2782,2564,,70.6,112.1,.374,.424,.576,48.8,60.3,9.1,9.0,.547,15.0,28.7,.262,-0.82,107.7,108.5,64.5,-.051,-2.98,102.6,105.5,+0.12
Iowa,34,22,12,.647,15.83,8.39,12,6,14,4,7,4,2372,2119,,64.5,107.4,.380,.302,.527,52.9,58.7,9.9,13.1,.481,14.4,35.6,.282,-9.43,94.0,103.4,63.2,+.069,-1.11,104.5,105.6,+3.41
Iowa State,34,25,9,.735,17.94,9.15,12,6,15,1,6,5,2645,2346,,69.8,111.4,.365,.368,.571,50.5,58.1,9.2,9.7,.543,13.9,28.3,.254,-13.50,91.2,104.7,63.2,-.094,-9.78,98.7,108.5,+2.54
Jackson State,32,11,21,.344,-12.36,-9.52,9,9,6,6,5,14,1941,2032,,64.9,92.8,.329,.308,.463,53.2,46.2,9.7,8.5,.429,18.0,37.7,.213,-19.74,96.3,116.1,63.8,-.023,-7.13,101.1,108.2,-5.71
Jacksonville,32,10,22,.313,-16.70,-6.46,4,10,8,7,2,15,2058,2303,,65.1,97.2,.401,.331,.506,46.9,48.6,9.8,7.4,.469,16.2,28.3,.265,-13.27,95.2,108.4,63.1,+.053,-3.72,102.7,106.5,-3.43
Jacksonville State,31,12,19,.387,-12.65,-4.52,5,11,11,3,1,16,1939,2126,,64.8,95.3,.383,.352,.483,47.3,57.3,9.4,11.0,.434,15.8,30.0,.274,-2.69,105.5,108.2,63.9,+.103,-2.73,103.8,106.5,-2.91
James Madison,33,19,14,.576,-2.65,-1.53,12,6,12,7,7,6,2217,2254,,64.2,104.2,.422,.369,.556,49.4,56.0,10.0,6.9,.519,17.8,29.0,.297,+22.72,114.5,91.8,67.0,+.070,+13.17,110.6,97.4,+9.57
Kansas,36,27,9,.750,18.47,12.13,13,5,15,0,5,5,2561,2333,,66.7,106.3,.426,.284,.539,52.6,54.7,9.8,12.3,.494,16.3,34.9,.309,+8.18,106.6,98.4,62.1,+.010,+10.32,108.9,98.6,-1.28
Kansas State,32,15,17,.469,8.48,9.29,8,10,13,4,1,10,2016,2042,,63.1,99.5,.460,.264,.519,51.2,60.4,9.6,6.7,.477,17.9,33.9,.311,-20.61,93.7,114.3,65.1,+.039,-5.50,101.8,107.3,-2.41
Kennesaw State,32,10,22,.313,-17.33,-5.10,4,10,6,8,3,14,2027,2363,,66.8,94.8,.292,.372,.501,47.7,46.2,8.1,8.9,.464,18.4,30.0,.214,+5.04,107.4,102.3,61.5,+.029,-0.47,104.4,104.8,-5.72
Kent State,35,23,12,.657,2.04,-0.94,12,6,11,4,10,6,2313,2202,,62.1,104.9,.382,.371,.524,50.9,46.2,8.0,10.2,.494,15.1,33.9,.251,+36.91,121.3,84.4,62.4,+.048,+8.58,108.7,100.1,+3.13
Kentucky,39,38,1,.974,28.72,8.67,18,0,19,0,10,0,2900,2118,,63.8,115.5,.439,.271,.558,54.9,55.0,10.1,18.2,.515,13.6,39.5,.319,+6.02,101.3,95.3,64.1,-.017,+4.11,106.1,101.9,+2.55
La Salle,33,17,16,.515,4.85,3.91,8,10,10,5,6,7,2086,2055,,64.3,96.8,.364,.294,.506,49.6,53.9,9.8,9.6,.467,17.2,29.6,.253,-2.14,112.9,115.1,64.6,+.097,-4.01,103.0,107.0,-0.45
Lafayette,33,20,13,.606,-3.37,-3.12,9,9,11,5,9,7,2426,2409,,64.8,112.9,.305,.356,.589,48.3,58.9,8.4,6.9,.557,15.1,28.4,.234,-9.03,100.0,109.1,65.9,+.030,-5.28,102.6,107.9,+4.48
Lamar,30,15,15,.500,-9.75,-5.29,9,9,12,2,2,13,2146,2132,,68.8,103.5,.423,.321,.539,51.8,52.3,10.8,11.0,.503,18.9,35.9,.288,-2.81,99.9,102.7,66.2,+.007,-4.12,103.2,107.3,+1.01
Lehigh,30,16,14,.533,-3.00,-3.55,10,8,8,6,8,7,2042,2000,,66.3,101.4,.362,.290,.531,51.0,59.3,8.3,9.3,.491,17.0,29.6,.262,-18.87,90.8,109.7,65.8,-.059,-5.83,102.7,108.6,-4.48
Liberty,32,8,24,.250,-16.01,-6.44,2,16,8,8,0,13,2045,2222,,66.7,95.4,.392,.285,.520,51.3,49.9,8.2,8.3,.479,21.0,32.4,.276,-11.29,100.7,112.0,67.7,+.051,-4.47,103.2,107.7,+1.53
Lipscomb,31,14,17,.452,-10.82,-5.15,7,7,10,3,4,14,2232,2322,,69.2,102.9,.404,.435,.529,49.6,58.3,8.1,6.1,.490,16.3,29.9,.281,-9.82,97.0,106.8,67.4,+.039,-5.33,101.0,106.3,-0.74
Little Rock,31,13,18,.419,-5.38,-3.81,8,12,9,7,3,9,2146,2180,,65.5,102.8,.355,.358,.516,48.2,51.3,8.3,7.9,.478,13.6,28.8,.250,+3.05,104.0,100.9,65.2,+.032,+6.36,107.5,101.1,+15.31
Long Beach State,33,16,17,.485,1.64,4.16,10,6,10,2,4,13,2188,2221,,65.8,100.0,.353,.371,.518,48.9,48.5,9.9,7.0,.484,17.4,32.0,.241,-13.80,97.4,111.2,66.4,+.025,-4.65,103.1,107.8,-0.67
Long Island University,30,12,18,.400,-9.09,-5.32,8,10,5,6,6,9,2022,2135,,68.1,96.5,.398,.348,.493,49.5,51.1,8.2,6.4,.449,16.7,31.3,.274,+3.59,106.0,102.4,69.9,-.055,-3.14,102.0,105.2,-1.43
Longwood,34,11,23,.324,-12.96,-5.53,5,13,6,7,2,14,2311,2491,,67.7,98.9,.305,.393,.531,45.7,49.1,11.6,9.1,.498,18.4,27.3,.220,-0.71,99.0,99.7,61.8,+.070,-2.63,102.4,105.1,+2.38
Louisiana,36,22,14,.611,0.82,-3.61,13,7,12,4,8,8,2789,2520,,71.6,107.5,.399,.315,.552,54.4,54.3,9.2,9.8,.515,17.2,35.5,.282,+9.18,109.0,99.8,67.4,+.033,-1.56,103.0,104.6,-3.75
Louisiana State,33,22,11,.667,11.39,5.63,11,7,13,4,8,3,2423,2233,,69.6,103.1,.335,.284,.533,51.5,57.8,10.2,14.0,.503,17.3,33.9,.229,+21.21,110.2,88.9,64.6,+.027,+9.69,109.5,99.8,-2.36
Louisiana Tech,36,27,9,.750,5.75,-1.34,15,3,17,0,9,8,2632,2362,,67.9,106.9,.339,.358,.537,46.9,53.3,12.3,14.3,.506,13.7,29.0,.234,+3.28,105.9,102.6,61.1,+.079,-0.36,103.3,103.7,-3.54
Louisiana-Monroe,38,24,14,.632,-1.99,-2.88,14,6,14,4,9,7,2454,2299,,63.5,100.5,.270,.293,.503,52.3,53.8,8.1,11.2,.471,15.3,33.3,.192,-8.56,103.0,111.6,62.3,+.024,+5.36,107.5,102.2,+5.16
Louisville,36,27,9,.750,18.12,8.98,12,6,15,4,7,3,2483,2154,,65.6,104.5,.387,.314,.512,51.8,47.7,11.9,14.4,.477,14.4,34.7,.258,-13.13,93.2,106.4,62.7,+.080,-3.62,102.9,106.5,-0.52
Loyola (IL),37,24,13,.649,2.35,0.46,8,10,13,6,8,6,2324,2235,,60.4,103.7,.342,.322,.563,49.0,58.1,10.7,7.1,.537,18.4,28.0,.235,+13.76,108.9,95.1,69.3,-.043,+5.09,106.2,101.2,-4.77
Loyola (MD),30,11,19,.367,-10.75,-3.38,7,11,7,6,3,13,1764,1985,,62.3,92.2,.376,.287,.470,50.9,47.8,8.7,9.0,.428,17.1,32.1,.253,-21.87,93.7,115.5,65.9,-.020,-1.91,102.1,104.0,+3.44
Loyola Marymount,31,8,23,.258,-4.13,5.28,4,14,5,9,2,11,1928,2188,,62.9,98.1,.358,.279,.508,49.6,57.2,9.6,10.5,.467,18.2,33.7,.254,+0.31,101.9,101.6,67.7,-.001,-3.59,102.0,105.6,-0.40
Maine,30,3,27,.100,-17.80,-3.40,2,14,2,9,1,17,1812,2244,,66.3,90.4,.276,.381,.501,44.9,60.7,8.9,3.1,.466,19.3,23.3,.201,-12.74,94.6,107.4,65.0,+.033,-2.83,102.3,105.2,-2.36
Manhattan,33,19,14,.576,-1.34,-3.34,13,7,9,2,5,9,2300,2234,,68.2,100.7,.474,.366,.537,48.6,60.8,11.6,7.5,.494,18.3,30.9,.328,+6.88,105.3,98.5,63.7,-.043,+9.97,110.5,100.5,-1.17
Marist,32,7,25,.219,-10.55,-2.93,5,15,3,9,2,13,1957,2201,,66.4,92.1,.380,.440,.509,42.9,51.8,10.5,7.8,.468,18.5,21.2,.266,-8.05,96.3,104.3,69.9,-.049,-0.99,102.6,103.5,+0.23
Marquette,32,13,19,.406,7.08,9.02,4,14,9,8,1,9,2083,2145,,64.6,100.0,.358,.354,.524,46.6,64.6,11.6,9.8,.498,16.8,29.0,.231,+15.68,111.3,95.7,63.9,+.127,+7.15,108.3,101.1,-3.33
Marshall,32,11,21,.344,-6.45,-0.22,7,11,10,7,1,12,2137,2288,,71.0,93.7,.346,.428,.499,48.6,55.8,9.3,7.5,.469,18.9,29.1,.224,-3.33,104.5,107.8,64.4,+.040,-5.65,100.5,106.2,+3.39
Maryland,35,28,7,.800,13.32,7.63,14,4,18,1,6,4,2417,2218,,64.7,106.1,.445,.387,.562,51.1,48.1,7.4,11.9,.512,16.7,28.9,.336,+4.16,106.5,102.3,67.0,+.069,+5.03,106.2,101.2,+6.20
Maryland-Baltimore County,30,4,26,.133,-16.17,-5.14,2,14,2,11,2,15,1682,2013,,64.4,86.7,.374,.325,.496,46.5,57.2,10.2,8.6,.463,21.6,23.3,.241,-11.58,100.6,112.1,62.8,+.035,-6.37,102.2,108.6,+9.48
Maryland-Eastern Shore,33,18,15,.545,-6.55,-6.94,11,5,7,3,11,9,2229,2216,,65.1,103.3,.470,.336,.549,51.7,59.4,11.5,4.5,.517,19.9,35.5,.308,+7.51,105.5,98.0,66.2,-.033,+1.21,104.0,102.7,-1.46
Massachusetts,32,17,15,.531,3.59,4.69,10,8,10,5,5,8,2220,2255,,68.3,100.7,.424,.273,.518,51.5,55.6,9.8,10.3,.473,17.4,33.9,.298,-1.52,104.5,106.0,60.9,-.049,-5.49,102.1,107.6,+2.33
Massachusetts-Lowell,29,12,17,.414,-11.21,-4.32,6,10,6,5,6,12,1780,1928,,64.5,93.9,.343,.420,.517,45.1,53.0,10.6,3.1,.487,18.2,21.9,.228,+14.49,112.5,98.1,62.5,+.022,+7.00,107.5,100.5,-1.99
McNeese State,31,15,16,.484,-10.05,-5.42,8,10,11,5,3,10,2154,2210,,66.0,104.4,.309,.331,.501,49.1,51.6,10.8,12.6,.474,13.4,34.6,.201,-4.02,102.5,106.6,64.6,+.009,-0.08,104.3,104.4,-5.44
Memphis,32,18,14,.563,7.15,2.90,10,8,12,6,4,5,2155,2019,,65.6,101.8,.316,.277,.513,53.0,57.4,10.6,17.2,.484,16.9,37.0,.211,+9.55,110.0,100.5,59.7,-.008,+9.39,109.4,100.0,+0.28
Mercer,35,19,16,.543,-2.01,-4.10,12,6,12,4,5,9,2334,2196,,61.2,106.7,.400,.332,.533,50.8,57.9,10.2,8.1,.497,14.7,33.3,.275,+21.72,116.6,94.9,63.1,-.017,+10.49,110.3,99.8,-0.88
Miami (FL),38,25,13,.658,12.00,7.05,10,8,12,6,8,4,2592,2404,,62.5,107.3,.355,.397,.540,50.6,55.6,8.7,9.0,.499,13.8,29.6,.265,+0.59,102.3,101.7,61.0,+.003,-0.57,103.7,104.3,+1.22
Miami (OH),32,13,19,.406,-3.75,0.31,8,10,10,7,3,10,2123,2226,,65.4,99.8,.383,.325,.535,48.1,50.7,11.5,6.5,.496,17.2,26.0,.272,-3.76,103.1,106.9,64.4,+.043,+0.89,105.6,104.7,+3.08
Michigan,32,16,16,.500,9.56,9.59,8,10,12,6,2,8,2071,2048,,60.7,104.2,.271,.404,.532,47.0,52.0,8.8,5.2,.498,13.6,25.5,.205,+13.06,112.7,99.7,67.3,-.099,+6.80,107.0,100.2,-5.45
Michigan State,39,27,12,.692,17.46,10.00,12,6,12,4,7,4,2773,2482,,63.0,109.7,.327,.350,.550,53.9,63.7,8.0,12.6,.532,14.9,33.4,.207,+13.88,114.5,100.6,66.2,-.033,+7.10,107.3,100.2,-1.19
Middle Tennessee,36,19,17,.528,0.21,-0.39,9,9,12,4,4,10,2285,2247,,62.1,99.8,.380,.362,.518,52.1,51.2,9.3,9.4,.479,17.5,31.8,.266,+0.58,100.7,100.1,63.8,-.034,+4.23,106.2,102.0,-8.42
Milwaukee,30,14,16,.467,-4.85,0.15,9,7,10,4,3,11,1963,2077,,65.4,100.1,.377,.399,.532,49.4,58.9,8.0,6.9,.489,17.2,26.9,.277,-25.69,91.6,117.3,70.1,-.001,-7.60,98.8,106.4,+5.71
Minnesota,33,18,15,.545,12.34,7.21,6,12,13,6,3,7,2449,2233,,68.2,108.0,.330,.332,.550,48.1,58.3,13.8,9.7,.526,15.2,30.6,.221,-2.09,102.0,104.1,62.0,-.019,+9.07,108.3,99.3,+2.99
Mississippi,34,21,13,.618,11.39,7.01,11,7,9,7,8,4,2475,2326,,67.0,107.9,.361,.331,.527,51.8,53.1,9.8,11.3,.478,13.9,34.8,.279,-7.52,98.9,106.5,61.3,-.010,+1.51,104.8,103.3,-1.06
Mississippi State,32,13,19,.406,2.53,4.72,6,12,9,8,3,8,1977,2032,,64.1,96.4,.467,.279,.520,51.9,41.6,10.0,8.4,.472,19.9,32.6,.325,-1.38,100.8,102.1,63.6,+.012,-3.53,102.1,105.6,-3.20
Mississippi Valley State,32,6,26,.188,-23.94,-7.78,5,13,3,6,2,17,2045,2562,,71.0,89.0,.330,.272,.463,44.2,45.8,10.5,2.9,.427,17.9,30.1,.216,+0.15,106.0,105.8,62.0,+.003,-4.19,104.3,108.4,+5.09
Missouri,32,9,23,.281,1.13,9.26,3,15,8,8,1,10,1935,2173,,63.4,94.7,.331,.352,.494,48.2,50.2,8.8,8.3,.461,17.5,29.7,.220,-15.16,95.7,110.8,65.3,-.056,-4.04,104.4,108.4,+1.95
Missouri State,31,11,20,.355,-4.92,1.67,5,13,8,6,3,11,1850,1989,,61.1,96.1,.326,.318,.497,50.4,53.1,8.3,9.4,.455,16.8,31.1,.238,+0.98,104.1,103.1,64.9,-.094,-2.55,103.7,106.2,+1.12
Missouri-Kansas City,33,14,19,.424,-8.01,-5.07,8,6,9,4,4,13,2164,2202,,64.9,99.1,.408,.365,.510,46.9,52.0,12.2,10.1,.468,17.3,32.2,.283,-18.87,94.3,113.2,64.4,+.029,-4.98,100.6,105.6,+2.66
Monmouth,33,18,15,.545,-2.18,-2.91,13,7,8,7,9,7,2134,2110,,64.1,99.7,.410,.297,.525,48.8,51.0,10.8,12.5,.479,17.3,30.0,.296,-4.97,98.5,103.4,62.4,+.040,-4.84,102.0,106.9,+5.25
Montana,33,20,13,.606,-1.75,-3.78,14,4,13,4,7,9,2347,2219,,63.2,108.4,.325,.413,.569,50.1,56.3,10.1,8.0,.540,15.9,28.2,.233,+12.04,116.5,104.5,66.8,+.076,-2.61,102.8,105.4,-1.08
Montana State,30,7,23,.233,-12.91,-3.50,4,14,5,9,2,14,1917,2152,,66.4,96.3,.289,.413,.506,49.3,52.7,6.6,8.1,.471,17.8,29.3,.208,-9.04,98.9,107.9,61.0,+.005,-4.89,103.5,108.4,-3.04
Morehead State,34,17,17,.500,-0.66,-3.31,10,6,7,6,7,9,2420,2255,,67.0,105.5,.354,.331,.537,53.4,58.0,12.1,9.9,.499,17.0,35.8,.254,+4.62,99.6,95.0,63.3,-.017,+7.59,109.1,101.5,-3.77
Morgan State,31,7,24,.226,-16.19,-6.48,5,11,5,5,1,17,1898,2199,,65.6,92.9,.331,.306,.437,47.8,46.5,8.6,8.0,.402,13.3,34.9,.207,-7.57,102.9,110.5,73.4,-.042,-5.38,101.5,106.9,-6.69
Mount St. Mary's,30,15,15,.500,-6.14,-4.40,11,7,9,4,5,11,1893,1945,,63.1,97.9,.304,.420,.503,48.3,51.7,10.5,10.1,.472,16.3,30.6,.207,-8.54,97.8,106.4,63.7,-.083,+0.53,103.8,103.3,-2.98
Murray State,35,29,6,.829,7.13,-2.81,16,0,15,1,12,2,2764,2367,,67.5,116.2,.417,.340,.578,52.7,56.5,10.6,8.7,.548,14.7,36.1,.290,-1.86,100.9,102.8,63.9,-.027,-6.30,100.3,106.6,-3.25
NJIT,33,21,12,.636,-3.21,-4.07,0,0,15,2,6,10,2368,2229,,67.3,106.7,.385,.420,.566,49.6,60.9,10.5,12.8,.536,17.7,30.0,.268,+2.82,101.6,98.7,62.0,-.068,+0.64,104.5,103.9,-3.48
Navy,32,13,19,.406,-7.87,-3.61,8,10,8,8,4,10,1952,2059,,61.5,99.1,.313,.316,.519,49.6,58.8,9.5,10.9,.491,17.2,29.6,.210,+6.63,107.4,100.8,63.0,-.042,-5.37,101.1,106.5,+1.78
Nebraska,31,13,18,.419,5.90,7.58,5,13,10,6,1,11,1905,1957,,63.8,94.7,.365,.351,.503,48.5,47.4,9.5,9.0,.462,17.1,26.7,.258,-13.22,96.9,110.2,67.6,-.034,-6.78,101.6,108.4,+11.15
Nevada,31,9,22,.290,-6.03,1.08,5,13,7,8,2,11,1874,2061,,63.8,94.4,.420,.249,.467,54.0,46.8,8.5,11.4,.414,17.8,40.2,.292,-11.41,99.8,111.2,64.7,-.004,-1.99,103.2,105.2,+2.77
Nevada-Las Vegas,33,18,15,.545,5.41,3.38,8,10,13,4,4,8,2250,2125,,65.1,103.5,.330,.352,.535,49.0,56.1,8.4,16.4,.510,15.2,27.0,.219,-18.36,90.0,108.3,66.1,+.025,-6.23,102.9,109.1,+11.17
New Hampshire,32,19,13,.594,-3.76,-6.29,11,5,12,3,7,10,2148,1973,,64.5,102.0,.366,.360,.534,53.4,49.0,7.9,6.2,.504,16.4,28.1,.247,-0.85,105.5,106.4,66.2,+.049,-4.15,101.9,106.0,-4.53
New Mexico,31,15,16,.484,2.80,1.03,7,11,10,5,4,8,1921,1866,,61.9,99.0,.384,.302,.512,53.7,58.0,9.2,14.9,.479,17.3,33.2,.253,-2.01,105.5,107.5,64.6,+.027,-6.20,100.2,106.4,+6.54
New Mexico State,34,23,11,.676,3.71,-3.67,13,1,15,2,6,8,2316,2033,,62.9,107.5,.441,.257,.548,54.9,50.2,10.2,9.2,.509,18.2,39.9,.306,+23.85,119.1,95.3,69.2,-.026,+12.76,111.1,98.3,+7.64
New Orleans,29,11,18,.379,-11.86,-6.36,6,12,8,4,2,13,2062,2133,,70.0,100.8,.480,.228,.523,51.4,39.6,10.6,9.3,.477,18.7,35.8,.331,-19.42,93.5,112.9,61.6,-.038,-7.53,98.9,106.5,+1.90
Niagara,30,8,22,.267,-9.27,-1.80,7,13,4,10,4,10,1930,2154,,65.5,97.5,.412,.326,.502,50.1,52.6,8.7,6.6,.456,17.5,32.0,.286,+6.00,105.4,99.4,59.4,+.027,-9.20,98.3,107.4,+3.98
Nicholls State,29,10,19,.345,-15.84,-5.30,7,11,7,6,3,12,1885,2117,,68.4,94.2,.427,.328,.519,49.0,55.4,10.0,11.2,.489,21.3,31.6,.267,+15.93,114.9,98.9,64.1,-.003,+9.84,109.3,99.5,-0.65
Norfolk State,34,20,14,.588,-4.66,-6.35,12,4,10,3,7,10,2385,2254,,65.4,105.7,.417,.305,.553,53.7,54.0,7.7,15.0,.525,17.6,34.9,.275,-13.77,96.9,110.6,67.6,-.031,-3.51,104.5,108.0,+5.82
North Carolina,38,26,12,.684,20.63,11.76,11,7,10,5,7,4,2953,2616,,69.2,111.6,.353,.223,.548,55.2,60.1,9.5,11.3,.516,15.1,40.0,.247,+1.41,103.8,102.4,60.8,+.105,-4.21,102.9,107.1,-5.50
North Carolina A&T,32,9,23,.281,-16.76,-8.02,6,10,7,5,2,15,1884,2112,,63.3,92.6,.390,.342,.490,49.8,45.8,8.4,11.8,.448,20.1,34.3,.266,+2.26,108.4,106.2,67.1,-.022,-7.19,101.0,108.2,+2.23
North Carolina Central,33,25,8,.758,0.66,-8.67,16,0,12,0,9,7,2278,1821,,62.6,109.9,.379,.356,.579,53.1,56.7,10.6,12.5,.553,17.4,32.4,.260,-6.66,98.6,105.2,65.5,+.046,-1.29,103.8,105.1,-1.86
North Carolina State,36,22,14,.611,14.11,9.72,10,8,14,6,5,5,2525,2367,,64.5,108.0,.354,.322,.526,52.3,46.4,5.9,13.1,.493,13.5,34.0,.243,+5.12,108.3,103.1,63.3,+.025,-1.29,104.5,105.7,+1.80
North Carolina-Asheville,31,15,16,.484,-7.19,-5.65,10,8,8,6,6,10,2242,2183,,69.0,104.5,.349,.368,.542,50.5,54.2,10.6,12.6,.505,17.4,32.4,.253,-1.12,102.2,103.4,64.8,+.063,-3.88,104.7,108.6,+2.99
North Carolina-Greensboro,33,11,22,.333,-7.99,-4.36,6,12,6,10,4,9,2290,2337,,67.1,102.7,.323,.316,.524,50.4,47.7,9.2,9.8,.499,15.9,31.4,.210,-7.45,110.4,117.9,63.2,-.013,-6.44,102.3,108.7,-2.53
North Carolina-Wilmington,32,18,14,.563,-2.53,-1.92,12,6,10,2,7,11,2239,2200,,67.9,101.9,.369,.254,.519,49.7,45.4,11.1,11.6,.486,15.5,31.5,.249,-1.20,102.8,104.0,62.5,+.005,+0.46,105.6,105.1,-4.01
North Dakota,30,8,22,.267,-12.16,-3.73,4,14,3,9,4,12,2032,2201,,68.2,98.5,.384,.332,.525,47.4,49.5,9.2,8.2,.491,16.2,25.0,.260,+20.98,116.3,95.3,58.2,+.018,+1.42,104.4,103.0,+0.61
North Dakota State,33,23,10,.697,-1.72,-3.63,12,4,14,0,5,8,2141,2057,,61.9,103.7,.358,.350,.534,51.3,42.4,7.6,10.7,.501,14.0,25.6,.248,-6.72,104.2,110.9,63.6,-.058,-5.02,103.7,108.7,+2.94
North Florida,35,23,12,.657,-0.82,-5.94,12,2,12,2,9,9,2651,2385,,67.7,112.0,.391,.424,.585,50.7,56.4,9.0,9.9,.553,16.1,30.1,.283,+4.59,107.8,103.2,59.7,+.009,+6.74,108.8,102.1,-6.17
North Texas,31,14,17,.452,-4.95,-0.71,8,10,11,6,3,10,2025,2113,,67.0,97.1,.403,.291,.506,49.5,42.7,10.0,9.9,.476,17.4,31.0,.254,-5.11,112.5,117.6,73.2,+.054,-5.20,101.7,106.9,+10.52
Northeastern,35,23,12,.657,2.03,-1.34,12,6,9,3,8,7,2397,2279,,63.5,106.7,.413,.305,.581,54.2,59.7,8.1,9.3,.545,19.0,30.1,.300,+24.96,125.4,100.4,63.4,+.062,+7.59,107.7,100.1,-11.62
Northern Arizona,38,23,15,.605,-3.48,-4.13,13,5,13,2,8,12,2606,2556,,65.2,104.0,.365,.337,.511,54.0,52.7,7.3,11.1,.462,14.9,35.7,.274,+0.06,111.4,111.3,66.5,+.019,+1.90,105.5,103.6,+9.10
Northern Colorado,30,15,15,.500,-6.82,-6.21,10,8,12,3,3,11,2242,2203,,64.1,114.7,.356,.316,.567,49.5,46.0,10.0,6.1,.536,13.7,33.7,.254,-5.47,103.0,108.5,66.4,-.040,+0.75,104.9,104.2,-4.22
Northern Illinois,30,14,16,.467,-1.79,-0.14,8,10,10,5,4,11,1971,1989,,64.0,101.4,.476,.305,.521,52.7,44.5,11.6,8.4,.477,18.4,36.7,.324,+20.75,115.6,94.8,65.2,-.043,+6.76,108.1,101.4,-7.41
Northern Iowa,35,31,4,.886,12.54,2.00,16,2,16,0,9,3,2281,1912,,57.4,111.9,.398,.399,.593,51.9,53.2,10.2,7.8,.559,15.9,27.0,.292,+22.80,112.5,89.7,66.7,-.045,+11.00,110.2,99.2,+1.05
Northern Kentucky,30,13,17,.433,-6.85,-4.49,7,7,9,6,4,11,2117,2079,,65.1,107.5,.299,.383,.547,50.1,48.7,8.8,8.4,.527,15.3,29.6,.197,+14.92,111.8,96.8,63.3,-.045,+10.42,108.2,97.8,-1.65
Northwestern,32,15,17,.469,6.11,7.20,6,12,11,7,3,8,2031,2066,,60.5,103.0,.286,.380,.536,49.5,63.3,6.0,11.3,.504,15.8,27.6,.209,+10.19,106.5,96.3,59.9,+.047,-1.58,103.6,105.1,-1.21
Northwestern State,32,19,13,.594,-5.48,-4.52,13,5,11,4,7,8,2687,2656,,75.1,111.8,.346,.361,.562,46.2,53.8,10.1,10.3,.525,14.1,30.9,.259,-3.17,106.2,109.4,65.5,+.097,-1.64,102.8,104.4,+2.83
Notre Dame,38,32,6,.842,19.23,7.02,14,4,17,2,7,2,2963,2499,,63.7,120.4,.367,.376,.612,49.8,54.9,10.4,9.1,.583,12.9,27.9,.272,+13.88,115.2,101.3,66.6,+.119,+7.28,108.4,101.1,-2.34
Oakland,33,16,17,.485,-1.28,1.27,11,5,12,4,4,12,2450,2482,,66.7,108.8,.375,.386,.561,50.1,60.3,8.7,4.5,.532,16.0,30.4,.257,+5.90,100.0,94.1,60.5,+.013,+4.76,107.3,102.5,-5.80
Ohio,30,10,20,.333,-4.15,0.45,5,13,8,7,1,11,2028,2166,,67.2,100.1,.290,.380,.531,48.3,46.9,7.6,11.0,.498,16.7,25.9,.213,-6.31,103.1,109.5,61.4,+.052,+2.88,106.7,103.8,-2.53
Ohio State,35,24,11,.686,19.68,7.37,11,7,18,2,4,6,2635,2204,,66.0,113.2,.347,.319,.567,51.5,55.4,11.4,14.6,.542,14.6,33.5,.236,-10.46,97.7,108.2,63.3,+.024,-0.88,103.1,104.0,-1.90
Oklahoma,35,24,11,.686,18.65,9.94,12,6,14,1,5,6,2501,2196,,67.4,105.2,.328,.338,.532,51.1,48.6,10.0,12.9,.493,15.1,31.5,.243,+8.08,105.3,97.2,65.4,+.004,+5.97,107.5,101.5,-5.04
Oklahoma State,32,18,14,.563,12.95,9.63,8,10,12,4,3,8,2160,2011,,64.6,103.6,.387,.388,.547,48.6,49.9,12.1,13.7,.507,16.6,27.8,.281,+4.10,100.5,96.4,63.5,+.014,+1.91,106.0,104.1,-6.18
Old Dominion,35,27,8,.771,7.68,-0.15,13,5,20,0,5,5,2273,1999,,61.1,105.6,.306,.329,.513,53.9,56.5,10.3,11.2,.486,14.5,36.0,.204,+8.65,113.5,104.8,60.6,+.012,+6.35,107.7,101.4,-3.79
Omaha,29,12,17,.414,-7.18,-5.14,5,11,7,6,5,11,2226,2256,,73.4,103.7,.427,.313,.537,50.1,45.6,11.0,8.4,.497,15.9,30.6,.298,+3.23,109.0,105.8,64.2,-.035,+1.98,106.6,104.6,-4.48
Oral Roberts,34,19,15,.559,-3.83,-1.99,10,6,12,2,5,11,2377,2343,,66.4,104.4,.431,.309,.531,49.7,47.1,8.7,10.2,.484,15.0,30.5,.310,-7.77,102.9,110.7,65.9,+.071,-4.64,104.2,108.9,+1.51
Oregon,36,26,10,.722,11.43,7.65,13,5,17,2,6,4,2713,2550,,68.0,109.3,.286,.339,.557,50.9,51.2,8.3,11.0,.524,14.7,30.8,.217,-11.98,97.4,109.4,68.6,+.013,-7.75,98.4,106.2,+8.65
Oregon State,31,17,14,.548,5.93,4.97,8,10,15,2,2,9,1887,1834,,62.1,97.7,.363,.314,.510,48.2,56.1,12.5,13.9,.472,16.5,29.0,.252,-18.09,96.6,114.7,62.0,-.005,-3.69,103.5,107.2,+3.82
Pacific,31,12,19,.387,-3.19,3.31,4,14,6,8,5,8,1996,2115,,62.0,102.5,.408,.358,.512,52.0,53.3,6.4,7.3,.479,16.7,35.6,.265,+0.55,107.4,106.9,64.6,-.032,-2.94,101.8,104.8,-4.28
Penn State,34,18,16,.529,7.77,7.10,4,14,10,6,3,8,2273,2250,,65.8,100.1,.347,.359,.516,49.7,42.3,9.1,11.0,.480,15.8,29.7,.241,+16.72,112.6,95.9,65.2,+.038,+10.26,109.7,99.4,+2.18
Pennsylvania,28,9,19,.321,-8.32,-1.36,4,10,4,9,5,10,1687,1882,,63.1,95.0,.359,.325,.523,50.4,54.9,8.6,7.4,.491,20.6,29.6,.242,+13.96,110.9,97.0,64.3,-.006,+7.45,109.0,101.6,-2.75
Pepperdine,32,18,14,.563,3.86,2.80,10,8,10,5,7,7,2020,1972,,64.2,98.2,.378,.278,.514,49.1,60.4,9.7,8.9,.466,16.7,28.9,.280,-1.09,103.0,104.1,66.3,-.092,-4.91,100.8,105.7,-4.85
Pittsburgh,34,19,15,.559,8.45,7.36,8,10,14,4,2,8,2279,2230,,61.2,108.4,.348,.259,.524,51.5,67.2,8.0,7.9,.491,13.4,35.5,.238,-0.77,105.6,106.3,65.0,+.058,-4.69,102.6,107.2,+0.34
Portland,33,17,16,.515,3.06,2.67,7,11,9,7,5,7,2315,2253,,64.6,106.9,.366,.315,.540,52.8,60.0,8.9,12.1,.503,15.8,35.2,.262,+11.74,103.9,92.2,66.0,-.006,+2.15,104.5,102.4,-2.87
Portland State,29,15,14,.517,-7.75,-4.86,9,9,9,4,6,9,2083,2098,,67.2,106.3,.364,.308,.540,47.7,52.7,9.3,10.7,.498,14.4,28.1,.270,-3.62,102.0,105.6,62.0,-.061,-1.32,103.6,104.9,-1.93
Prairie View,33,15,18,.455,-10.86,-8.20,12,6,7,3,7,12,2211,2280,,69.2,96.8,.314,.277,.500,45.8,43.1,12.6,8.6,.473,17.6,32.1,.203,+11.76,108.6,96.8,61.8,-.078,+3.33,105.8,102.5,-0.58
Presbyterian,32,10,22,.313,-16.26,-4.51,6,12,7,8,3,11,1978,2214,,63.3,97.7,.330,.257,.516,49.1,46.0,8.2,8.8,.489,17.8,29.5,.217,+0.17,101.2,101.0,64.2,+.086,-3.44,102.1,105.5,-2.30
Princeton,31,16,14,.533,-1.34,-2.92,9,5,11,3,4,9,2066,1972,,65.0,105.9,.452,.459,.584,48.8,58.1,8.5,8.3,.549,17.2,21.2,.322,-1.39,103.1,104.5,65.4,+.055,-4.59,102.7,107.3,+2.49
Providence,34,22,12,.647,13.71,9.50,11,7,13,4,5,6,2370,2227,,65.7,105.4,.407,.289,.526,52.9,57.2,10.8,13.5,.484,15.3,35.1,.287,-2.45,98.7,101.1,64.9,+.037,+8.39,108.6,100.3,-0.01
Purdue,34,21,13,.618,12.93,7.64,12,6,14,3,4,6,2375,2195,,64.9,106.4,.417,.324,.539,53.5,61.1,8.3,13.6,.502,16.8,36.5,.285,-2.33,109.0,111.3,61.9,+.074,-6.03,103.0,109.1,-4.10
Quinnipiac,30,15,15,.500,-1.46,-3.66,9,11,10,7,5,7,2092,2026,,66.4,102.3,.355,.296,.494,57.9,58.2,5.2,14.0,.440,16.4,42.1,.274,-6.16,103.4,109.6,68.5,-.013,-6.61,100.8,107.4,-3.30
Radford,34,22,12,.647,-3.89,-5.53,12,6,12,3,8,8,2476,2301,,66.1,108.5,.357,.326,.544,52.1,50.4,10.6,10.9,.513,15.2,35.2,.247,+0.34,100.3,100.0,63.3,-.006,+2.25,104.4,102.1,-2.47
Rhode Island,33,23,10,.697,9.31,2.87,13,5,14,2,7,5,2232,1986,,66.5,101.3,.469,.278,.527,52.2,55.3,9.8,14.9,.491,17.6,32.7,.307,-9.85,95.9,105.8,62.8,+.065,+1.32,104.2,102.9,-5.41
Rice,32,12,20,.375,-2.86,-0.79,8,10,7,7,4,10,2052,2107,,62.8,99.4,.339,.493,.547,48.8,59.6,9.2,6.2,.510,19.7,27.4,.251,+10.36,110.9,100.6,62.6,+.027,+2.32,106.7,104.3,-1.13
Richmond,35,21,14,.600,8.65,3.77,12,6,16,4,4,9,2313,2142,,61.9,104.5,.329,.373,.549,45.4,56.2,10.9,8.9,.521,14.1,22.2,.227,-1.72,100.0,101.7,60.2,-.067,-4.04,101.5,105.5,-3.40
Rider,33,21,12,.636,-1.60,-3.11,15,5,10,3,11,5,2153,2103,,64.6,100.0,.356,.335,.514,50.3,51.0,10.9,8.3,.494,16.5,31.1,.215,+6.84,103.4,96.5,64.9,-.055,-7.28,101.4,108.6,-0.16
Robert Morris,35,20,15,.571,-3.02,-3.50,12,6,10,6,8,8,2414,2397,,66.7,102.6,.355,.306,.536,47.9,50.1,12.8,8.1,.501,17.2,31.0,.252,-10.69,102.0,112.6,66.1,+.010,-6.94,101.5,108.5,-6.13
Rutgers,32,10,22,.313,0.23,8.11,2,16,6,10,2,10,1898,2150,,64.9,91.3,.326,.294,.469,49.0,49.9,8.6,10.7,.436,17.1,30.5,.212,+5.95,104.0,98.0,62.9,-.076,+3.73,107.4,103.7,+2.66
SIU Edwardsville,28,12,16,.429,-7.28,-4.54,8,8,11,3,1,12,1909,1884,,67.3,100.8,.378,.340,.528,49.5,52.3,9.4,11.5,.495,17.2,30.0,.255,+15.95,104.9,89.0,60.4,+.026,+3.63,106.1,102.5,+3.50
Sacramento State,33,21,12,.636,-4.62,-5.45,13,5,13,2,7,9,2342,2250,,63.5,111.7,.355,.295,.580,48.3,55.4,11.0,7.1,.547,14.9,27.9,.261,+2.16,105.7,103.5,65.5,-.082,+2.01,106.6,104.6,-3.60
Sacred Heart,32,15,17,.469,-7.36,-5.97,9,9,10,5,4,12,2360,2367,,69.2,103.7,.358,.277,.528,51.0,53.7,9.2,8.7,.502,16.4,34.0,.232,-24.59,86.5,111.0,63.8,-.030,+1.45,105.6,104.2,-1.49
Saint Francis (PA),32,16,16,.500,-5.68,-4.97,9,9,10,3,6,13,2061,2050,,63.8,100.2,.348,.410,.535,47.8,51.9,10.2,7.5,.506,17.1,25.8,.234,-2.14,105.9,108.0,61.1,+.019,+3.42,107.0,103.5,-0.33
Saint Joseph's,31,13,18,.419,-0.23,2.58,7,11,10,5,3,11,1912,1999,,64.1,94.7,.352,.328,.481,50.1,57.3,10.2,11.9,.453,16.3,31.4,.217,-19.67,87.4,107.1,64.5,+.013,-5.11,100.8,105.9,+7.58
Saint Louis,32,11,21,.344,-5.38,2.43,3,15,9,9,1,10,1912,2122,,63.7,93.0,.420,.333,.502,47.2,60.0,8.3,6.7,.465,18.9,27.3,.275,-6.64,98.3,104.9,62.3,+.016,-7.33,100.3,107.7,-5.33
Saint Mary's (CA),31,21,10,.677,8.68,3.78,13,5,14,5,7,4,2141,1984,,62.5,108.8,.350,.367,.558,55.3,62.0,8.0,6.2,.526,16.3,33.6,.250,+7.98,109.3,101.3,65.7,+.012,+8.21,108.3,100.1,-2.53
Saint Peter's,34,16,18,.471,-2.95,-3.92,8,12,7,6,7,10,2081,2048,,61.4,98.3,.440,.332,.508,50.1,49.3,10.1,9.6,.469,16.8,31.4,.290,-8.31,105.7,114.0,66.0,-.010,-3.15,101.8,105.0,-0.81
Sam Houston State,35,26,9,.743,2.97,-6.03,15,3,16,2,8,5,2592,2101,,67.3,108.9,.455,.410,.540,55.0,61.0,9.6,11.7,.496,15.9,36.4,.321,-6.90,97.9,104.8,66.3,-.043,-4.50,102.8,107.3,-5.19
Samford,32,13,19,.406,-9.41,-5.57,6,12,8,6,4,11,2216,2301,,67.2,102.6,.376,.335,.535,48.0,54.2,10.9,8.3,.502,16.7,30.2,.257,+17.51,113.1,95.6,63.1,-.004,+2.52,105.3,102.8,+0.99
San Diego,31,15,16,.484,5.03,3.47,8,10,9,4,4,8,2006,1949,,63.3,101.4,.386,.344,.518,49.2,56.2,10.1,10.5,.480,15.9,30.5,.265,-11.28,101.0,112.2,68.6,+.085,-2.60,101.4,104.0,+0.44
San Diego State,36,27,9,.750,11.81,4.24,14,4,16,1,6,5,2226,1939,,60.8,100.7,.362,.308,.496,52.4,47.1,11.2,14.1,.467,15.4,35.4,.228,+11.32,105.6,94.3,64.1,-.048,+8.15,108.3,100.1,+0.34
San Francisco,32,14,18,.438,3.08,2.83,7,11,8,8,4,8,2215,2167,,65.6,104.8,.409,.344,.535,50.5,56.6,8.8,7.2,.510,15.4,31.1,.257,-18.69,90.4,109.1,64.1,+.050,-6.33,100.0,106.4,+2.84
San Jose State,30,2,28,.067,-16.22,1.92,0,18,2,13,0,12,1612,2086,,64.3,83.2,.305,.428,.452,45.8,53.2,7.5,7.5,.418,19.3,24.9,.199,-4.36,103.4,107.8,65.2,+.032,-3.12,103.1,106.3,-1.23
Santa Clara,32,14,18,.438,-0.38,4.12,7,11,9,6,3,9,2027,2136,,61.3,102.9,.310,.380,.527,46.9,53.3,9.1,5.5,.491,15.0,28.4,.229,+6.85,108.8,102.0,66.1,-.006,-3.73,103.0,106.7,-1.28
Savannah State,31,9,22,.290,-18.17,-6.27,5,11,7,5,2,16,1758,2072,,66.0,88.5,.354,.258,.486,46.6,43.8,13.2,6.9,.442,22.1,30.7,.203,-9.02,99.2,108.3,63.7,-.024,+2.00,104.3,102.3,-0.91
Seattle,34,18,16,.529,-5.85,-4.69,7,7,13,5,2,10,2123,2095,,62.1,100.1,.366,.364,.540,53.0,63.6,8.7,4.7,.513,19.2,31.6,.243,-5.54,102.8,108.4,65.6,-.061,-4.11,102.4,106.5,-3.94
Seton Hall,31,16,15,.516,7.95,7.56,6,12,10,5,3,9,2119,2107,,66.0,102.7,.381,.349,.514,50.5,52.2,9.0,10.7,.482,15.7,34.7,.250,-12.89,95.9,108.8,66.2,-.098,-7.01,101.7,108.8,+2.69
Siena,31,11,20,.355,-6.93,-2.90,7,13,6,9,5,10,2164,2289,,66.9,103.9,.419,.264,.520,49.0,54.9,11.2,10.4,.475,15.7,36.3,.297,-9.15,94.0,103.1,64.7,+.018,-8.39,99.1,107.5,+10.10
South Alabama,33,12,21,.364,-9.46,-3.04,9,11,7,8,4,12,2275,2438,,68.5,99.5,.421,.353,.523,49.3,46.3,6.9,8.5,.479,17.9,30.7,.296,-4.79,98.8,103.6,62.2,-.054,-0.87,103.0,103.9,-8.22
South Carolina,33,17,16,.515,10.55,8.24,6,12,10,6,3,7,2146,2046,,65.3,99.6,.370,.329,.502,51.6,59.5,9.7,12.3,.454,16.5,35.2,.273,-13.78,97.3,111.0,62.0,+.038,+0.08,103.6,103.5,+0.77
South Carolina State,33,11,22,.333,-17.37,-7.46,7,9,6,5,4,14,1965,2203,,65.0,91.3,.332,.329,.460,48.0,51.0,9.3,9.0,.432,16.2,31.0,.200,-13.12,98.7,111.8,67.5,+.033,-5.57,103.0,108.5,-0.46
South Carolina Upstate,36,24,12,.667,-2.28,-7.50,8,6,14,5,9,7,2579,2198,,64.9,110.4,.297,.406,.532,52.7,56.9,12.1,9.6,.510,13.9,37.2,.194,+5.31,105.4,100.1,64.4,+.009,+0.94,104.4,103.5,-6.08
South Dakota,33,17,16,.515,-4.90,-3.48,9,7,8,6,8,7,2309,2312,,65.8,104.0,.338,.306,.517,51.3,47.8,8.3,6.8,.477,14.3,31.9,.247,+0.62,103.6,103.0,64.5,-.020,-7.43,99.9,107.3,-4.21
South Dakota State,35,24,11,.686,3.32,-3.23,12,4,13,0,7,9,2572,2277,,66.6,109.5,.407,.382,.562,51.2,49.4,8.1,10.0,.525,14.8,28.8,.290,-4.58,99.8,104.4,62.7,+.018,-4.10,102.0,106.1,+3.61
South Florida,32,9,23,.281,-4.96,2.56,3,15,8,9,1,13,1970,2189,,64.4,94.5,.323,.260,.496,48.8,48.6,8.8,13.5,.473,18.0,31.5,.200,+13.70,110.7,97.0,66.7,+.050,+8.72,109.0,100.3,-1.50
Southeast Missouri State,30,13,17,.433,-5.23,-3.73,7,9,9,5,4,9,2087,2064,,67.2,103.0,.368,.328,.527,50.3,50.9,10.8,12.0,.496,16.6,32.4,.246,+14.72,113.6,98.9,65.2,+.006,+6.86,108.2,101.4,+0.79
Southeastern Louisiana,32,9,23,.281,-10.97,-6.14,6,12,6,6,3,16,2186,2324,,68.4,98.7,.331,.336,.537,48.8,48.2,8.8,9.5,.511,19.5,29.1,.220,+13.64,113.9,100.3,65.4,+.020,-5.56,102.2,107.7,+0.63
Southern,35,18,17,.514,-9.95,-8.23,13,5,9,4,7,10,2259,2226,,66.3,96.7,.409,.255,.499,49.7,44.8,10.3,11.1,.462,17.0,32.4,.268,-19.66,96.6,116.3,65.8,+.006,-6.52,101.8,108.4,-4.52
Southern California,32,12,20,.375,2.15,6.15,3,15,8,8,2,9,2143,2271,,68.8,95.9,.338,.278,.496,48.8,50.4,9.3,10.7,.468,17.1,31.5,.214,+3.35,102.8,99.5,64.1,+.019,-3.44,101.6,105.0,+4.10
Southern Illinois,33,12,21,.364,-3.48,-0.60,4,14,8,7,2,12,1968,2044,,61.7,96.7,.410,.257,.506,51.4,40.2,10.9,7.2,.461,17.9,31.1,.288,+12.78,107.0,94.2,65.8,-.025,+7.16,108.3,101.1,-1.73
Southern Methodist,34,27,7,.794,12.94,3.57,15,3,16,2,8,4,2350,2032,,63.3,108.8,.440,.229,.555,55.0,63.0,11.0,14.7,.517,16.8,37.1,.309,+12.25,108.8,96.6,63.6,-.081,+5.46,106.5,101.0,-15.20
Southern Mississippi,29,9,20,.310,-10.03,-0.06,4,14,8,7,1,13,1742,1978,,63.0,94.6,.358,.385,.518,46.6,57.0,9.7,6.8,.493,19.5,27.0,.225,+11.10,105.3,94.2,65.4,+.065,+2.21,104.8,102.6,+0.89
Southern Utah,29,10,19,.345,-11.98,-5.48,7,11,5,7,4,11,2011,2146,,68.0,101.1,.390,.349,.552,47.9,49.1,7.2,9.9,.524,17.7,23.3,.261,+7.24,109.5,102.3,60.4,+.030,+8.26,108.1,99.9,+0.49
St. Bonaventure,31,18,13,.581,3.93,1.34,10,8,8,6,7,6,2085,2005,,65.1,102.5,.379,.292,.513,52.9,52.3,10.1,13.5,.471,15.9,35.0,.268,+1.84,109.2,107.3,62.0,+.033,-2.12,103.2,105.3,-0.59
St. Francis (NY),35,23,12,.657,-2.14,-6.20,15,3,12,4,9,7,2418,2262,,65.7,104.0,.403,.330,.506,54.7,51.5,10.0,12.7,.466,16.1,39.8,.274,-18.90,89.5,108.4,63.5,-.045,-1.39,103.5,104.9,+2.06
St. John's (NY),33,21,12,.636,11.85,9.04,10,8,15,3,5,6,2343,2240,,67.6,104.6,.363,.301,.529,47.4,48.9,11.0,16.8,.494,13.7,28.4,.251,-6.88,104.2,111.1,66.2,-.052,-3.30,102.7,106.0,-1.43
Stanford,37,24,13,.649,12.33,7.33,9,9,16,3,4,8,2676,2491,,65.5,108.6,.405,.312,.537,53.0,47.9,8.3,7.4,.494,13.8,33.6,.294,+18.94,112.4,93.4,62.0,-.079,+9.52,108.3,98.8,-2.47
Stephen F. Austin,34,29,5,.853,8.61,-4.20,17,1,15,1,10,3,2672,2188,,68.0,115.2,.427,.370,.594,54.2,65.4,11.2,10.0,.557,17.5,37.9,.314,+12.31,109.4,97.1,63.7,-.010,+4.90,106.5,101.6,-2.77
Stetson,31,9,22,.290,-16.22,-6.68,3,11,7,7,1,15,2064,2290,,67.2,99.1,.340,.341,.518,47.0,52.2,6.7,9.0,.490,16.1,27.2,.223,-5.05,100.8,105.9,62.7,+.040,-7.36,101.3,108.6,-5.46
Stony Brook,35,23,12,.657,-0.03,-4.03,12,4,13,2,9,10,2290,2102,,63.6,102.6,.324,.288,.496,55.8,50.3,8.1,12.3,.465,15.3,37.7,.215,-18.99,93.5,112.5,63.9,+.033,-5.02,101.5,106.5,+0.16
Syracuse,31,18,13,.581,11.91,7.68,9,9,13,5,4,7,2096,1965,,66.1,101.6,.354,.290,.505,51.1,61.3,12.5,14.6,.474,15.1,33.5,.234,-3.84,104.1,107.9,63.3,+.128,-6.74,100.0,106.8,+15.16
Temple,37,26,11,.703,8.20,3.52,13,5,16,2,7,5,2436,2263,,65.1,100.7,.356,.359,.485,50.8,54.9,10.5,12.0,.442,12.3,31.8,.249,-5.20,93.7,98.9,61.2,-.033,-3.05,102.5,105.6,+1.05
Tennessee,32,16,16,.500,7.23,8.16,7,11,9,7,5,5,2025,2055,,61.2,103.0,.323,.343,.515,51.1,48.3,12.6,12.4,.482,16.4,37.0,.223,+0.97,102.3,101.3,61.6,-.016,+6.91,107.4,100.5,-10.95
Tennessee State,31,5,26,.161,-14.93,-2.38,2,14,5,8,0,17,1793,2111,,64.7,89.3,.419,.314,.483,47.8,48.1,8.3,11.2,.450,19.4,27.8,.259,-18.59,103.2,121.8,58.6,+.077,-5.80,101.8,107.6,-2.71
Tennessee Tech,30,12,18,.400,-6.49,-3.99,4,12,10,4,2,14,2118,2095,,67.7,103.9,.350,.302,.522,53.4,51.4,9.1,9.9,.490,16.9,36.9,.237,+7.46,113.3,105.8,66.4,-.030,+0.92,105.5,104.6,-0.32
Tennessee-Martin,34,21,13,.618,-2.12,-3.90,10,6,9,3,12,9,2390,2224,,63.3,109.9,.317,.371,.565,53.1,51.6,8.2,5.5,.538,15.7,30.7,.224,-8.38,100.9,109.3,60.3,-.025,-4.15,102.1,106.3,-5.78
Texas,34,20,14,.588,16.16,9.07,8,10,13,5,4,7,2290,2049,,62.9,105.9,.365,.341,.531,56.0,55.5,5.9,20.0,.491,16.8,37.9,.265,-9.75,99.8,109.5,64.7,-.054,-5.21,100.5,105.7,-10.43
Texas A&M,33,21,12,.636,10.73,5.91,11,7,14,4,5,6,2236,2077,,64.3,104.6,.380,.293,.533,53.4,60.2,8.7,9.7,.504,16.3,34.2,.250,-4.37,99.8,104.2,63.0,+.031,-1.34,102.0,103.4,-9.69
Texas A&M-Corpus Christi,34,20,14,.588,-5.58,-6.43,13,5,10,4,8,8,2266,2192,,64.2,103.5,.525,.297,.540,49.5,47.3,10.5,8.2,.495,17.0,30.9,.361,+7.75,102.6,94.9,63.9,+.096,+1.82,105.3,103.5,+0.61
Texas Christian,33,18,15,.545,11.10,5.32,4,14,13,6,2,8,2249,2058,,64.7,104.6,.465,.254,.509,51.9,55.0,9.6,13.6,.479,15.2,37.5,.286,+3.06,104.9,101.9,64.7,+.025,+0.29,103.9,103.6,+3.40
Texas Southern,35,22,13,.629,-5.98,-6.09,16,2,9,1,10,11,2390,2386,,64.5,103.6,.468,.312,.531,50.0,45.8,9.3,7.7,.495,16.8,33.8,.309,+6.14,112.3,106.2,62.9,+.067,-2.30,103.3,105.6,-5.95
Texas State,31,14,17,.452,-5.25,-3.36,7,13,9,6,4,10,1905,1854,,63.4,95.1,.368,.308,.493,48.2,52.0,11.2,7.5,.452,17.0,29.2,.254,+7.09,106.3,99.2,63.4,-.022,+0.90,104.7,103.8,+2.29
Texas Tech,32,13,19,.406,3.77,7.20,3,15,13,6,0,10,1949,2059,,63.0,95.9,.461,.325,.497,50.7,54.6,9.2,12.7,.457,18.4,34.6,.296,-4.22,98.5,102.8,65.3,+.013,-0.71,104.4,105.1,-3.48
Texas-Arlington,31,16,15,.516,-3.59,-2.76,10,10,9,5,7,9,2220,2206,,70.2,101.6,.383,.365,.530,50.3,51.2,9.4,10.1,.497,17.8,32.1,.258,+6.00,109.3,103.3,62.6,-.034,+1.58,104.6,103.1,+5.00
Texas-El Paso,33,22,11,.667,4.89,-0.51,13,5,13,2,5,7,2282,2104,,65.4,105.4,.438,.295,.550,50.7,56.5,8.2,10.7,.520,16.4,29.2,.289,-9.58,102.7,112.3,64.0,+.075,-1.27,102.7,104.0,-9.44
Texas-Rio Grande Valley,31,10,21,.323,-14.46,-4.68,4,10,8,4,1,15,1927,2179,,65.0,95.6,.405,.269,.502,47.2,60.6,8.5,9.1,.461,17.8,30.6,.274,+14.65,112.9,98.2,65.8,+.032,+8.40,107.9,99.5,+2.63
Texas-San Antonio,30,14,16,.467,-3.33,-2.61,8,10,7,8,7,7,2120,2111,,66.9,105.1,.416,.345,.520,51.6,51.6,10.6,6.8,.478,15.4,35.8,.291,-12.46,94.1,106.6,63.7,+.077,-3.09,101.8,104.9,+2.94
Toledo,33,20,13,.606,4.86,0.62,11,7,10,4,9,7,2483,2343,,67.2,111.1,.412,.290,.565,52.8,50.1,7.6,9.0,.523,15.6,33.3,.306,-20.68,89.2,109.9,64.2,-.037,-5.09,100.3,105.4,-3.66
Towson,32,12,20,.375,-7.02,-3.80,5,13,4,9,6,10,2034,2080,,61.6,101.6,.469,.256,.496,56.2,42.1,5.6,11.4,.451,17.1,41.5,.311,-9.74,98.2,107.9,63.5,-.014,-5.72,101.6,107.3,-0.07
Troy,29,10,19,.345,-8.72,-5.09,5,15,5,9,4,10,1946,2013,,66.6,100.0,.391,.368,.524,48.8,40.2,9.9,5.7,.492,18.1,31.5,.259,-6.14,102.4,108.6,67.8,-.024,-4.43,102.8,107.2,+1.11
Tulane,31,15,16,.484,-1.51,0.32,6,12,9,8,6,5,1973,1984,,63.6,98.1,.341,.359,.499,51.3,49.9,9.6,5.4,.470,16.7,33.2,.221,-9.70,99.8,109.5,65.7,-.125,-5.47,103.0,108.5,-2.42
Tulsa,34,23,11,.676,6.66,2.81,14,4,13,5,8,4,2188,2064,,64.1,99.6,.410,.322,.503,51.4,49.5,9.0,10.3,.468,15.2,31.1,.266,-0.90,101.5,102.4,67.5,+.059,-1.54,104.1,105.7,+2.03
UC-Davis,32,25,7,.781,2.19,-2.58,14,2,14,0,10,6,2263,2068,,62.9,111.1,.378,.387,.606,49.4,54.8,8.1,5.5,.576,18.6,28.5,.277,+6.13,107.9,101.7,65.1,-.029,+2.73,104.5,101.8,+6.77
UC-Irvine,34,21,13,.618,3.63,0.45,11,5,10,3,6,9,2295,2113,,63.7,105.2,.292,.301,.544,51.2,56.2,8.9,12.6,.520,15.8,30.2,.200,+1.46,101.6,100.1,68.0,-.005,+5.52,107.0,101.5,-4.71
UC-Riverside,31,14,17,.452,-4.65,-1.16,7,9,12,3,2,13,2025,2050,,65.2,99.0,.350,.357,.513,51.2,56.4,10.2,9.7,.479,17.3,31.3,.239,-1.25,103.5,104.7,63.3,-.025,-9.37,99.8,109.2,-7.74
UC-Santa Barbara,33,19,14,.576,3.47,0.98,11,5,12,2,4,10,2258,2112,,62.7,107.1,.312,.328,.536,50.9,62.4,8.1,10.3,.500,14.6,31.6,.229,-2.41,103.4,105.9,69.6,+.023,-3.22,101.5,104.8,+1.46
UCLA,36,22,14,.611,12.07,8.27,11,7,16,1,2,8,2590,2453,,67.3,106.1,.357,.289,.527,52.6,53.5,9.8,11.0,.496,14.9,33.8,.242,+27.24,116.4,89.2,60.5,-.054,+8.19,108.8,100.6,+0.60
University of California,33,18,15,.545,5.36,6.15,7,11,11,7,5,6,2195,2221,,66.3,99.6,.304,.276,.513,50.6,50.2,6.2,9.2,.489,14.6,26.0,.197,+4.27,107.5,103.2,63.5,-.022,-0.36,103.5,103.8,-1.26
Utah,35,26,9,.743,20.98,7.42,13,5,16,1,6,5,2496,1999,,62.6,113.5,.432,.372,.588,53.7,57.6,9.5,13.5,.557,16.1,31.6,.303,-16.10,92.9,109.0,61.9,+.007,-5.54,102.1,107.6,-0.53
Utah State,31,18,13,.581,2.92,0.28,11,7,11,5,7,7,2064,1973,,63.0,104.4,.363,.370,.552,45.8,61.7,7.5,12.4,.525,14.7,21.9,.244,+6.64,106.2,99.6,64.7,-.004,-1.56,103.9,105.5,+0.66
Utah Valley,30,11,19,.367,-12.72,-4.87,5,9,8,5,3,13,1758,1923,,62.5,93.8,.334,.368,.493,49.8,62.8,7.2,6.8,.455,17.7,29.3,.232,-3.59,106.4,110.0,65.9,-.051,-3.46,101.5,105.0,-5.67
VMI,30,11,19,.367,-9.85,-3.92,7,11,6,7,4,9,2415,2428,,77.5,102.2,.293,.520,.511,48.3,49.2,10.8,12.7,.482,16.0,32.7,.200,+11.13,107.4,96.3,62.3,+.053,-2.06,104.2,106.3,-3.69
Valparaiso,34,28,6,.824,6.29,-2.00,13,3,15,1,8,4,2366,2021,,63.8,108.6,.368,.338,.548,55.1,52.9,9.3,14.1,.520,16.4,35.6,.248,+14.99,115.6,100.6,63.4,-.110,+5.49,106.1,100.6,-3.96
Vanderbilt,35,21,14,.600,11.89,6.22,9,9,15,4,5,8,2472,2252,,63.5,109.8,.430,.367,.578,51.4,64.6,7.5,14.3,.544,17.5,32.3,.305,+16.27,111.1,94.9,66.5,+.043,+6.65,107.9,101.2,+8.77
Vermont,34,20,14,.588,1.21,-5.52,12,4,13,4,7,10,2279,2012,,64.3,103.5,.420,.302,.558,51.2,55.7,9.8,14.0,.524,17.8,27.0,.291,+4.38,103.3,99.0,64.4,-.118,-5.70,100.0,105.7,-0.54
Villanova,36,33,3,.917,23.13,7.55,16,2,15,0,9,2,2754,2193,,65.0,116.9,.418,.429,.589,51.5,62.2,11.8,11.0,.553,14.0,32.5,.305,+30.65,122.7,92.0,64.2,+.031,+7.67,108.2,100.6,+0.23
Virginia,34,30,4,.882,21.73,7.81,16,2,15,1,11,1,2224,1751,,58.6,110.8,.349,.275,.543,56.0,53.5,9.3,13.3,.506,13.4,34.2,.254,+30.06,115.6,85.5,58.0,+.023,+8.21,108.5,100.3,+0.46
Virginia Commonwealth,36,26,10,.722,12.79,6.10,12,6,12,4,8,4,2609,2368,,66.4,106.5,.373,.399,.518,49.2,50.9,14.0,12.5,.487,13.2,31.8,.245,-0.92,106.3,107.2,63.6,-.042,+5.80,107.3,101.5,-11.65
Virginia Tech,33,11,22,.333,1.29,5.32,2,16,9,9,0,11,2156,2289,,64.1,101.2,.319,.354,.536,45.2,50.7,6.8,8.6,.515,16.1,25.9,.204,-10.78,98.4,109.2,76.5,-.050,-4.85,103.0,107.9,+0.35
Wagner,30,10,20,.333,-11.47,-4.99,8,10,8,5,2,15,2052,2206,,67.9,99.2,.341,.318,.489,52.1,44.9,9.4,7.8,.450,16.7,37.7,.238,-12.49,98.9,111.4,67.2,-.013,-4.64,101.8,106.5,+1.98
Wake Forest,32,13,19,.406,4.62,7.68,5,13,11,7,2,10,2209,2307,,68.6,99.5,.415,.339,.510,52.2,59.2,9.4,10.3,.478,16.5,31.8,.265,+4.76,106.6,101.8,68.0,-.025,+7.89,108.7,100.8,-2.99
Washington,31,16,15,.516,5.57,4.83,5,13,8,7,3,7,2128,2105,,66.2,103.3,.339,.331,.524,49.6,53.9,7.4,11.9,.493,15.1,31.2,.232,+5.04,108.8,103.8,65.2,-.002,+4.84,105.8,101.0,-6.27
Washington State,31,13,18,.419,0.14,6.08,7,11,8,6,3,9,2189,2373,,67.6,103.2,.397,.366,.538,48.0,61.0,5.7,7.8,.496,15.3,26.4,.286,-1.67,109.1,110.8,67.2,+.085,+6.52,107.6,101.1,-1.81
Weber State,30,13,17,.433,-7.29,-3.50,8,10,8,6,4,9,2010,2041,,64.8,102.6,.450,.400,.545,50.1,55.9,8.1,9.9,.494,17.9,29.1,.337,-8.35,99.9,108.3,62.7,+.040,-3.71,104.1,107.8,+4.19
West Virginia,35,25,10,.714,15.12,9.29,11,7,12,3,5,5,2542,2338,,68.7,104.9,.404,.336,.499,52.1,56.7,15.5,8.7,.461,15.1,40.2,.267,+17.64,112.6,94.9,67.9,+.087,+9.56,108.9,99.3,-2.65
Western Carolina,32,15,17,.469,-5.83,-3.56,9,9,7,5,6,10,2251,2284,,66.8,103.3,.354,.313,.524,50.2,46.9,11.9,14.2,.488,16.8,35.0,.248,-5.60,101.9,107.5,65.7,+.009,-3.30,103.8,107.1,+4.95
Western Illinois,28,8,20,.286,-13.81,-2.93,3,13,8,6,0,13,1747,1983,,67.8,91.5,.300,.348,.495,46.3,54.2,7.8,6.3,.461,16.6,20.9,.209,-16.66,91.5,108.1,66.6,+.036,-2.58,104.2,106.7,-2.10
Western Kentucky,32,20,12,.625,1.12,-0.44,12,6,13,3,5,8,2285,2149,,67.9,104.0,.378,.376,.531,51.4,57.5,8.0,9.0,.503,16.1,31.6,.247,+2.28,105.0,102.7,66.3,+.039,-1.05,103.0,104.0,+3.69
Western Michigan,34,20,14,.588,0.25,0.19,10,8,13,3,5,9,2401,2354,,64.8,107.7,.416,.360,.556,50.4,51.8,9.9,7.1,.520,15.8,30.9,.292,+0.86,108.0,107.1,65.0,+.058,+0.56,105.1,104.5,-2.13
Wichita State,35,30,5,.857,15.56,3.68,17,1,15,0,10,2,2460,2008,,61.9,112.7,.370,.347,.541,53.6,55.3,11.5,11.3,.507,12.6,34.9,.259,+22.21,115.8,93.6,62.3,+.022,+3.24,105.5,102.3,+3.44
William & Mary,33,20,13,.606,2.82,-1.15,12,6,12,2,6,10,2414,2208,,64.6,112.4,.357,.426,.598,49.7,58.4,9.5,12.0,.568,15.8,25.1,.262,+5.17,113.9,108.8,63.9,-.024,-0.65,103.6,104.2,+6.78
Winthrop,32,19,13,.594,-3.90,-7.38,12,6,11,3,6,9,2356,2159,,67.4,107.6,.367,.387,.555,49.6,47.8,10.2,11.6,.518,15.4,30.2,.266,-0.94,104.8,105.7,65.8,-.051,-6.86,101.0,107.9,-3.87
Wisconsin,40,36,4,.900,24.61,10.29,16,2,15,1,10,2,2900,2327,,59.5,121.1,.362,.374,.585,54.7,49.7,7.3,8.2,.548,10.7,32.1,.276,+33.72,129.0,95.2,58.7,+.015,+11.03,109.8,98.8,+5.30
Wofford,35,28,7,.800,2.56,-2.98,16,2,13,1,10,5,2331,2089,,62.7,106.2,.382,.331,.547,51.1,56.4,10.4,7.2,.516,15.1,29.1,.262,+6.72,105.2,98.5,60.5,+.122,-3.98,104.0,108.0,+6.79
Wright State,31,11,20,.355,-6.41,-1.14,3,13,4,8,6,10,1989,2107,,64.4,98.8,.324,.353,.532,46.0,56.9,8.3,7.0,.502,16.6,23.3,.225,-6.53,99.0,105.5,63.0,-.028,+0.02,105.4,105.3,+0.87
Wyoming,35,25,10,.714,3.81,-0.04,11,7,17,2,5,7,2151,1974,,58.3,103.1,.394,.397,.560,49.9,67.1,9.2,8.9,.526,16.9,22.3,.277,+5.67,104.8,99.1,59.1,+.083,-1.04,103.0,104.1,-10.31
Xavier,37,23,14,.622,15.42,9.48,9,9,13,3,5,7,2712,2492,,65.6,109.8,.385,.331,.570,52.8,62.3,9.0,8.3,.534,15.8,31.3,.281,+19.49,116.6,97.1,65.0,-.062,+10.29,109.5,99.2,+2.07
Yale,33,22,10,.688,3.53,-0.87,11,4,9,3,11,6,2164,1931,,62.3,106.9,.392,.357,.547,54.4,59.1,9.3,11.3,.510,17.0,35.4,.278,+8.78,107.3,98.6,61.9,+.029,+0.89,104.4,103.5,+3.94
Youngstown State,32,11,21,.344,-7.63,-1.73,2,14,6,9,3,12,2287,2394,,68.2,104.0,.367,.322,.533,47.4,55.8,8.7,5.6,.499,14.9,28.2,.255,-8.93,106.0,114.9,67.0,+.013,-0.54,104.2,104.7,-1.93
