Team1,Team2,Points1,Points2,Result,G1,W1,L1,W-L%1,SRS1,SOS1,ConfW1,ConfL1,HomeW1,HomeL1,AwayW1,AwayL1,Tm.1,Opp.1,MP1,FG1,FGA1,FG%1,3P1,3PA1,3P%1,FT1,FTA1,FT%1,ORB1,TRB1,AST1,STL1,BLK1,TOV1,PF1,Pace1,ORtg1,FTr1,3PAr1,TS%1,TRB%1,AST%1,STL%1,BLK%1,eFG%1,TOV%1,ORB%1,FT/FGA1,AdjEM1,AdjO1,AdjD1,AdjT1,Luck1,SOS AdjEM1,OppO1,OppD1,NCSOS AdjEM1,G2,W2,L2,W-L%2,SRS2,SOS2,ConfW2,ConfL2,HomeW2,HomeL2,AwayW2,AwayL2,Tm.2,Opp.2,MP2,FG2,FGA2,FG%2,3P2,3PA2,3P%2,FT2,FTA2,FT%2,ORB2,TRB2,AST2,STL2,BLK2,TOV2,PF2,Pace2,ORtg2,FTr2,3PAr2,TS%2,TRB%2,AST%2,STL%2,BLK%2,eFG%2,TOV%2,ORB%2,FT/FGA2,AdjEM2,AdjO2,AdjD2,AdjT2,Luck2,SOS AdjEM2,OppO2,OppD2,NCSOS AdjEM2
Weber State,Arizona,59,68,0,31,19,12,.613,-0.92,-4.23,14,6,13,2,5,9,2254,2061,1260,732,1541,.475,222,566,.392,568,767,.741,265,1065,407,131,123,382,558,64.3,111.3,.498,.367,.592,52.5,55.6,6.5,9.0,.547,16.7,28.9,.369,-0.62,106.4,107.0,62.9,-.009,-6.78,103.3,110.0,+6.69,38,33,5,.868,23.36,9.04,15,3,18,0,8,3,2769,2225,1540,996,2123,.469,204,561,.364,573,870,.659,465,1449,574,223,173,387,630,64.1,112.3,.410,.264,.546,55.1,57.6,9.0,11.5,.517,13.2,36.4,.270,+30.11,116.5,86.4,62.8,+.014,+9.30,109.9,100.6,+1.62
Gonzaga,Oklahoma State,85,77,1,36,29,7,.806,15.56,5.36,15,3,15,0,8,4,2761,2372,1421,972,1963,.495,255,643,.397,562,793,.709,343,1291,525,235,142,419,659,68.1,114.1,.404,.328,.590,52.3,54.0,9.7,10.2,.560,15.2,30.6,.286,+20.14,114.0,93.8,65.0,+.016,+5.05,109.0,103.9,+2.20,34,21,13,.618,19.02,8.34,8,10,13,3,3,7,2728,2365,1391,898,1941,.463,239,656,.364,693,964,.719,332,1203,463,260,160,356,680,69.5,112.8,.497,.338,.569,48.8,51.6,10.8,12.2,.524,12.9,28.0,.357,+20.98,115.9,95.0,67.2,-.110,+9.06,109.9,100.8,-1.15
Oklahoma,North Dakota State,75,80,0,33,23,10,.697,14.91,8.97,12,6,14,3,5,4,2704,2508,1335,909,2034,.447,285,752,.379,601,802,.749,398,1242,483,224,108,376,625,71.7,112.9,.394,.370,.560,50.9,53.1,9.4,8.4,.517,13.5,32.4,.295,+17.90,117.9,100.0,69.6,-.022,+9.13,110.2,101.0,+0.50,33,26,7,.788,6.31,-0.02,12,2,12,1,10,5,2492,2164,1325,888,1759,.505,176,483,.364,540,719,.751,307,1081,382,206,145,325,588,63.9,117.7,.409,.275,.593,53.2,43.0,9.7,13.1,.555,13.4,31.7,.307,+11.76,115.5,103.7,62.3,+.089,+1.38,106.8,105.4,+5.32
New Mexico State,San Diego State,69,73,0,36,26,10,.722,6.16,-2.58,12,4,14,1,8,7,2771,2415,1455,936,1918,.488,194,523,.371,705,1027,.686,428,1346,474,169,224,457,614,66.9,113.8,.535,.273,.576,53.5,50.6,6.9,13.5,.539,16.0,37.5,.368,+10.54,112.9,102.4,65.2,-.030,-3.64,103.0,106.7,+2.60,36,31,5,.861,14.95,4.86,16,2,15,1,9,2,2530,2052,1450,873,2009,.435,186,519,.358,598,902,.663,470,1364,356,274,183,355,600,63.9,109.2,.449,.258,.519,53.6,40.8,11.8,14.1,.481,12.7,36.7,.298,+20.38,110.4,90.0,62.3,+.067,+5.18,108.0,102.8,+2.71
Nebraska,Baylor,60,74,0,32,19,13,.594,10.13,8.50,11,7,15,1,3,8,2137,2085,1280,719,1684,.427,188,564,.333,511,713,.717,278,1059,304,222,99,349,660,65.4,102.2,.423,.335,.528,48.6,42.3,10.6,9.3,.483,14.7,25.7,.303,+12.64,108.8,96.1,64.7,+.047,+9.30,108.4,99.1,-1.95,38,26,12,.684,15.80,10.11,9,9,13,4,5,5,2843,2577,1540,959,2108,.455,280,725,.386,645,949,.680,525,1456,563,197,202,440,648,64.2,115.1,.450,.344,.556,54.8,58.7,8.0,14.0,.521,14.7,40.6,.306,+19.39,118.9,99.5,61.3,+.012,+10.31,111.0,100.6,-0.36
Creighton,Louisiana,76,66,1,35,27,8,.771,18.03,7.17,14,4,16,0,7,4,2756,2376,1400,957,1927,.497,356,859,.414,486,654,.743,293,1192,614,139,49,342,618,65.3,120.6,.339,.446,.616,51.7,64.2,6.1,3.8,.589,13.3,27.7,.252,+21.72,124.2,102.5,63.6,+.024,+7.50,108.5,101.0,+1.31,35,23,12,.657,2.91,-0.28,11,7,13,2,6,9,2835,2633,1430,988,2127,.465,246,670,.367,613,913,.671,464,1329,472,250,144,459,734,71.2,111.4,.429,.315,.554,52.3,47.8,9.8,10.2,.522,15.2,36.3,.288,+5.19,110.2,105.0,68.5,+.038,-0.57,105.0,105.6,+4.65
Oregon,Brigham Young,87,68,1,34,24,10,.706,15.75,8.05,10,8,15,3,5,5,2783,2521,1385,928,1977,.469,259,666,.389,668,865,.772,356,1159,492,263,113,389,725,69.9,115.0,.438,.337,.583,50.7,53.0,10.9,8.7,.535,14.0,32.2,.338,+19.02,118.9,99.9,67.5,-.037,+7.39,109.1,101.8,-1.18,35,23,12,.657,11.63,5.72,13,5,14,1,5,7,2931,2706,1425,1012,2186,.463,177,499,.355,730,1055,.692,463,1432,544,251,103,395,690,73.5,111.9,.483,.228,.545,53.3,53.8,9.6,7.3,.503,12.8,34.7,.334,+13.77,114.5,100.7,70.8,-.004,+6.59,109.6,103.0,+8.43
Wisconsin,American,75,35,1,38,30,8,.789,19.69,10.19,12,6,14,3,8,3,2793,2432,1525,927,2019,.459,297,790,.376,642,861,.746,337,1266,468,183,127,307,574,63.3,115.7,.426,.391,.575,51.1,50.5,7.6,8.0,.533,11.2,28.1,.318,+25.89,122.0,96.1,62.4,+.019,+11.44,110.2,98.8,+3.33,33,20,13,.606,0.69,-3.25,13,5,11,3,9,9,2081,1951,1325,748,1527,.490,207,546,.379,378,535,.707,232,986,492,198,110,464,567,60.7,103.4,.350,.358,.584,50.6,65.8,9.8,9.9,.558,20.7,26.5,.248,+4.57,103.4,98.9,59.7,+.007,-2.59,103.6,106.2,-0.10
Gonzaga,Arizona,61,84,0,36,29,7,.806,15.56,5.36,15,3,15,0,8,4,2761,2372,1421,972,1963,.495,255,643,.397,562,793,.709,343,1291,525,235,142,419,659,68.1,114.1,.404,.328,.590,52.3,54.0,9.7,10.2,.560,15.2,30.6,.286,+20.14,114.0,93.8,65.0,+.016,+5.05,109.0,103.9,+2.20,38,33,5,.868,23.36,9.04,15,3,18,0,8,3,2769,2225,1540,996,2123,.469,204,561,.364,573,870,.659,465,1449,574,223,173,387,630,64.1,112.3,.410,.264,.546,55.1,57.6,9.0,11.5,.517,13.2,36.4,.270,+30.11,116.5,86.4,62.8,+.014,+9.30,109.9,100.6,+1.62
San Diego State,North Dakota State,63,44,1,36,31,5,.861,14.95,4.86,16,2,15,1,9,2,2530,2052,1450,873,2009,.435,186,519,.358,598,902,.663,470,1364,356,274,183,355,600,63.9,109.2,.449,.258,.519,53.6,40.8,11.8,14.1,.481,12.7,36.7,.298,+20.38,110.4,90.0,62.3,+.067,+5.18,108.0,102.8,+2.71,33,26,7,.788,6.31,-0.02,12,2,12,1,10,5,2492,2164,1325,888,1759,.505,176,483,.364,540,719,.751,307,1081,382,206,145,325,588,63.9,117.7,.409,.275,.593,53.2,43.0,9.7,13.1,.555,13.4,31.7,.307,+11.76,115.5,103.7,62.3,+.089,+1.38,106.8,105.4,+5.32
Baylor,Creighton,85,55,1,38,26,12,.684,15.80,10.11,9,9,13,4,5,5,2843,2577,1540,959,2108,.455,280,725,.386,645,949,.680,525,1456,563,197,202,440,648,64.2,115.1,.450,.344,.556,54.8,58.7,8.0,14.0,.521,14.7,40.6,.306,+19.39,118.9,99.5,61.3,+.012,+10.31,111.0,100.6,-0.36,35,27,8,.771,18.03,7.17,14,4,16,0,7,4,2756,2376,1400,957,1927,.497,356,859,.414,486,654,.743,293,1192,614,139,49,342,618,65.3,120.6,.339,.446,.616,51.7,64.2,6.1,3.8,.589,13.3,27.7,.252,+21.72,124.2,102.5,63.6,+.024,+7.50,108.5,101.0,+1.31
Wisconsin,Oregon,85,77,1,38,30,8,.789,19.69,10.19,12,6,14,3,8,3,2793,2432,1525,927,2019,.459,297,790,.376,642,861,.746,337,1266,468,183,127,307,574,63.3,115.7,.426,.391,.575,51.1,50.5,7.6,8.0,.533,11.2,28.1,.318,+25.89,122.0,96.1,62.4,+.019,+11.44,110.2,98.8,+3.33,34,24,10,.706,15.75,8.05,10,8,15,3,5,5,2783,2521,1385,928,1977,.469,259,666,.389,668,865,.772,356,1159,492,263,113,389,725,69.9,115.0,.438,.337,.583,50.7,53.0,10.9,8.7,.535,14.0,32.2,.338,+19.02,118.9,99.9,67.5,-.037,+7.39,109.1,101.8,-1.18
Arizona,San Diego State,70,64,1,38,33,5,.868,23.36,9.04,15,3,18,0,8,3,2769,2225,1540,996,2123,.469,204,561,.364,573,870,.659,465,1449,574,223,173,387,630,64.1,112.3,.410,.264,.546,55.1,57.6,9.0,11.5,.517,13.2,36.4,.270,+30.11,116.5,86.4,62.8,+.014,+9.30,109.9,100.6,+1.62,36,31,5,.861,14.95,4.86,16,2,15,1,9,2,2530,2052,1450,873,2009,.435,186,519,.358,598,902,.663,470,1364,356,274,183,355,600,63.9,109.2,.449,.258,.519,53.6,40.8,11.8,14.1,.481,12.7,36.7,.298,+20.38,110.4,90.0,62.3,+.067,+5.18,108.0,102.8,+2.71
Baylor,Wisconsin,52,69,0,38,26,12,.684,15.80,10.11,9,9,13,4,5,5,2843,2577,1540,959,2108,.455,280,725,.386,645,949,.680,525,1456,563,197,202,440,648,64.2,115.1,.450,.344,.556,54.8,58.7,8.0,14.0,.521,14.7,40.6,.306,+19.39,118.9,99.5,61.3,+.012,+10.31,111.0,100.6,-0.36,38,30,8,.789,19.69,10.19,12,6,14,3,8,3,2793,2432,1525,927,2019,.459,297,790,.376,642,861,.746,337,1266,468,183,127,307,574,63.3,115.7,.426,.391,.575,51.1,50.5,7.6,8.0,.533,11.2,28.1,.318,+25.89,122.0,96.1,62.4,+.019,+11.44,110.2,98.8,+3.33
Wisconsin,Arizona,64,63,1,38,30,8,.789,19.69,10.19,12,6,14,3,8,3,2793,2432,1525,927,2019,.459,297,790,.376,642,861,.746,337,1266,468,183,127,307,574,63.3,115.7,.426,.391,.575,51.1,50.5,7.6,8.0,.533,11.2,28.1,.318,+25.89,122.0,96.1,62.4,+.019,+11.44,110.2,98.8,+3.33,38,33,5,.868,23.36,9.04,15,3,18,0,8,3,2769,2225,1540,996,2123,.469,204,561,.364,573,870,.659,465,1449,574,223,173,387,630,64.1,112.3,.410,.264,.546,55.1,57.6,9.0,11.5,.517,13.2,36.4,.270,+30.11,116.5,86.4,62.8,+.014,+9.30,109.9,100.6,+1.62
Cal Poly,Wichita State,37,64,0,34,14,20,.412,-1.34,1.69,6,10,6,6,3,12,2141,2163,1360,754,1850,.408,218,654,.333,415,603,.688,377,1096,394,198,93,303,621,60.8,103.5,.326,.354,.501,48.8,52.3,9.6,8.0,.466,12.4,31.8,.224,-0.82,103.6,104.4,58.8,-.044,+2.38,107.4,105.0,+10.19,36,35,1,.972,16.65,1.74,18,0,17,0,12,0,2706,2141,1445,896,1942,.461,250,713,.351,664,916,.725,419,1381,491,247,184,374,611,64.5,116.1,.472,.367,.569,55.3,54.8,10.6,15.0,.526,13.6,35.1,.342,+25.36,117.8,92.4,63.5,-.009,+1.04,105.8,104.8,+2.89
Kansas State,Kentucky,49,56,0,33,20,13,.606,12.14,8.47,10,8,15,2,2,7,2280,2159,1335,798,1840,.434,198,598,.331,486,741,.656,406,1180,503,205,98,404,714,65.6,104.2,.403,.325,.520,50.7,63.0,9.4,8.0,.488,15.6,34.7,.264,+14.10,107.8,93.7,63.3,+.001,+8.17,110.5,102.3,-4.06,40,29,11,.725,18.07,9.90,12,6,16,2,5,5,2992,2665,1615,1004,2213,.454,203,611,.332,781,1146,.682,562,1607,446,189,236,469,732,65.9,112.4,.518,.276,.543,56.6,44.4,7.1,14.9,.500,14.5,41.4,.353,+22.55,118.3,95.8,64.0,-.025,+10.73,110.5,99.8,+4.19
Saint Louis,North Carolina State,83,80,1,34,27,7,.794,11.63,4.24,13,3,14,3,11,1,2374,2105,1375,829,1869,.444,190,601,.316,526,755,.697,345,1231,482,253,138,431,597,67.4,102.4,.404,.322,.533,51.0,58.1,10.9,9.9,.494,16.2,29.4,.281,+15.72,105.7,90.0,65.6,+.040,+5.04,107.2,102.2,-1.50,36,22,14,.611,9.02,7.44,9,9,13,6,6,6,2561,2504,1460,950,2060,.461,160,525,.305,501,762,.657,422,1239,466,173,149,375,670,64.9,108.1,.370,.255,.529,49.5,49.1,7.3,10.8,.500,13.4,34.2,.243,+11.60,114.0,102.4,64.7,+.065,+7.77,108.4,100.7,-4.31
Manhattan,Louisville,64,71,0,33,25,8,.758,6.04,-0.90,15,5,9,3,12,4,2540,2311,1350,828,1837,.451,208,564,.369,676,1019,.663,415,1234,433,273,200,468,799,70.3,107.1,.555,.307,.547,50.7,52.3,11.5,15.3,.507,16.8,34.4,.368,+10.21,107.2,97.0,67.7,-.008,-0.20,105.6,105.8,+3.46,37,31,6,.838,24.69,4.80,15,3,16,2,9,2,2998,2262,1480,1051,2232,.471,288,783,.368,608,920,.661,503,1396,568,370,173,391,723,69.0,117.4,.412,.351,.562,52.1,54.0,14.5,12.5,.535,12.8,37.1,.272,+30.41,118.9,88.5,67.2,-.045,+4.31,107.0,102.7,-4.65
Massachusetts,Tennessee,67,86,0,33,24,9,.727,10.61,6.00,10,6,11,2,7,4,2502,2350,1325,900,1962,.459,177,512,.346,525,769,.683,404,1267,499,226,178,446,649,71.7,105.3,.392,.261,.538,51.9,55.4,9.5,12.3,.504,16.1,34.4,.268,+13.46,110.0,96.5,70.3,+.065,+7.33,108.0,100.6,+5.53,37,24,13,.649,17.34,7.84,11,7,14,3,4,7,2672,2283,1490,927,2048,.453,205,631,.325,613,852,.719,501,1424,472,192,172,388,617,62.8,114.2,.416,.308,.545,56.2,50.9,8.2,12.0,.503,13.7,39.8,.299,+23.69,117.9,94.2,61.6,-.099,+8.12,108.9,100.8,+1.46
Mercer,Duke,78,71,1,36,27,9,.750,5.33,-3.42,14,4,17,1,9,7,2836,2410,1492,982,2061,.476,290,756,.384,582,791,.736,407,1338,586,211,147,420,665,65.7,115.8,.384,.367,.582,52.9,59.7,8.6,11.8,.547,14.7,34.0,.282,+8.34,110.8,102.4,63.6,+.022,-4.44,103.6,108.0,+4.65,35,26,9,.743,19.51,8.48,13,5,17,0,4,5,2745,2359,1405,929,2020,.460,316,801,.395,571,783,.729,410,1207,509,244,105,328,681,65.5,119.4,.388,.397,.574,51.5,54.8,10.6,7.4,.538,12.1,34.5,.283,+24.25,124.7,100.4,64.6,-.035,+8.76,109.2,100.5,+2.40
Texas,Arizona State,87,85,1,35,24,11,.686,12.67,9.15,11,7,16,2,4,6,2598,2475,1405,905,2095,.432,178,545,.327,610,909,.671,528,1449,452,199,206,426,669,69.1,107.0,.434,.260,.514,54.6,49.9,8.2,15.8,.474,14.4,39.6,.291,+14.52,111.8,97.3,66.8,+.092,+9.61,110.9,101.3,-1.74,33,21,12,.636,13.32,7.41,10,8,16,1,4,7,2486,2291,1345,836,1852,.451,268,688,.390,546,787,.694,281,1172,471,167,182,377,635,69.0,107.2,.425,.371,.558,48.4,56.3,7.2,12.8,.524,14.5,24.5,.295,+14.82,111.2,96.4,67.4,+.003,+7.50,108.6,101.1,-2.60
Wofford,Michigan,40,57,0,33,20,13,.606,-4.32,-5.95,11,5,9,4,8,8,2205,2054,1325,808,1804,.448,196,544,.360,393,592,.664,352,1090,423,205,54,351,578,63.0,105.6,.328,.302,.529,51.0,52.4,9.8,4.6,.502,14.4,31.7,.218,-1.94,100.6,102.6,60.5,+.025,-5.87,103.5,109.3,+7.63,37,28,9,.757,18.52,9.65,15,3,13,2,7,4,2736,2408,1490,945,1982,.477,319,794,.402,527,691,.763,316,1160,525,191,88,336,527,62.5,117.5,.349,.401,.592,50.1,55.6,8.2,6.3,.557,12.7,28.6,.266,+23.44,123.9,100.5,61.0,+.047,+11.65,110.3,98.6,+0.62
Wichita State,Kentucky,76,78,0,36,35,1,.972,16.65,1.74,18,0,17,0,12,0,2706,2141,1445,896,1942,.461,250,713,.351,664,916,.725,419,1381,491,247,184,374,611,64.5,116.1,.472,.367,.569,55.3,54.8,10.6,15.0,.526,13.6,35.1,.342,+25.36,117.8,92.4,63.5,-.009,+1.04,105.8,104.8,+2.89,40,29,11,.725,18.07,9.90,12,6,16,2,5,5,2992,2665,1615,1004,2213,.454,203,611,.332,781,1146,.682,562,1607,446,189,236,469,732,65.9,112.4,.518,.276,.543,56.6,44.4,7.1,14.9,.500,14.5,41.4,.353,+22.55,118.3,95.8,64.0,-.025,+10.73,110.5,99.8,+4.19
Saint Louis,Louisville,51,66,0,34,27,7,.794,11.63,4.24,13,3,14,3,11,1,2374,2105,1375,829,1869,.444,190,601,.316,526,755,.697,345,1231,482,253,138,431,597,67.4,102.4,.404,.322,.533,51.0,58.1,10.9,9.9,.494,16.2,29.4,.281,+15.72,105.7,90.0,65.6,+.040,+5.04,107.2,102.2,-1.50,37,31,6,.838,24.69,4.80,15,3,16,2,9,2,2998,2262,1480,1051,2232,.471,288,783,.368,608,920,.661,503,1396,568,370,173,391,723,69.0,117.4,.412,.351,.562,52.1,54.0,14.5,12.5,.535,12.8,37.1,.272,+30.41,118.9,88.5,67.2,-.045,+4.31,107.0,102.7,-4.65
Tennessee,Mercer,83,63,1,37,24,13,.649,17.34,7.84,11,7,14,3,4,7,2672,2283,1490,927,2048,.453,205,631,.325,613,852,.719,501,1424,472,192,172,388,617,62.8,114.2,.416,.308,.545,56.2,50.9,8.2,12.0,.503,13.7,39.8,.299,+23.69,117.9,94.2,61.6,-.099,+8.12,108.9,100.8,+1.46,36,27,9,.750,5.33,-3.42,14,4,17,1,9,7,2836,2410,1492,982,2061,.476,290,756,.384,582,791,.736,407,1338,586,211,147,420,665,65.7,115.8,.384,.367,.582,52.9,59.7,8.6,11.8,.547,14.7,34.0,.282,+8.34,110.8,102.4,63.6,+.022,-4.44,103.6,108.0,+4.65
Texas,Michigan,65,79,0,35,24,11,.686,12.67,9.15,11,7,16,2,4,6,2598,2475,1405,905,2095,.432,178,545,.327,610,909,.671,528,1449,452,199,206,426,669,69.1,107.0,.434,.260,.514,54.6,49.9,8.2,15.8,.474,14.4,39.6,.291,+14.52,111.8,97.3,66.8,+.092,+9.61,110.9,101.3,-1.74,37,28,9,.757,18.52,9.65,15,3,13,2,7,4,2736,2408,1490,945,1982,.477,319,794,.402,527,691,.763,316,1160,525,191,88,336,527,62.5,117.5,.349,.401,.592,50.1,55.6,8.2,6.3,.557,12.7,28.6,.266,+23.44,123.9,100.5,61.0,+.047,+11.65,110.3,98.6,+0.62
Louisville,Kentucky,69,74,0,37,31,6,.838,24.69,4.80,15,3,16,2,9,2,2998,2262,1480,1051,2232,.471,288,783,.368,608,920,.661,503,1396,568,370,173,391,723,69.0,117.4,.412,.351,.562,52.1,54.0,14.5,12.5,.535,12.8,37.1,.272,+30.41,118.9,88.5,67.2,-.045,+4.31,107.0,102.7,-4.65,40,29,11,.725,18.07,9.90,12,6,16,2,5,5,2992,2665,1615,1004,2213,.454,203,611,.332,781,1146,.682,562,1607,446,189,236,469,732,65.9,112.4,.518,.276,.543,56.6,44.4,7.1,14.9,.500,14.5,41.4,.353,+22.55,118.3,95.8,64.0,-.025,+10.73,110.5,99.8,+4.19
Tennessee,Michigan,71,73,0,37,24,13,.649,17.34,7.84,11,7,14,3,4,7,2672,2283,1490,927,2048,.453,205,631,.325,613,852,.719,501,1424,472,192,172,388,617,62.8,114.2,.416,.308,.545,56.2,50.9,8.2,12.0,.503,13.7,39.8,.299,+23.69,117.9,94.2,61.6,-.099,+8.12,108.9,100.8,+1.46,37,28,9,.757,18.52,9.65,15,3,13,2,7,4,2736,2408,1490,945,1982,.477,319,794,.402,527,691,.763,316,1160,525,191,88,336,527,62.5,117.5,.349,.401,.592,50.1,55.6,8.2,6.3,.557,12.7,28.6,.266,+23.44,123.9,100.5,61.0,+.047,+11.65,110.3,98.6,+0.62
Kentucky,Michigan,75,72,1,40,29,11,.725,18.07,9.90,12,6,16,2,5,5,2992,2665,1615,1004,2213,.454,203,611,.332,781,1146,.682,562,1607,446,189,236,469,732,65.9,112.4,.518,.276,.543,56.6,44.4,7.1,14.9,.500,14.5,41.4,.353,+22.55,118.3,95.8,64.0,-.025,+10.73,110.5,99.8,+4.19,37,28,9,.757,18.52,9.65,15,3,13,2,7,4,2736,2408,1490,945,1982,.477,319,794,.402,527,691,.763,316,1160,525,191,88,336,527,62.5,117.5,.349,.401,.592,50.1,55.6,8.2,6.3,.557,12.7,28.6,.266,+23.44,123.9,100.5,61.0,+.047,+11.65,110.3,98.6,+0.62
Florida,Albany (NY),67,55,1,39,36,3,.923,20.69,8.54,18,0,17,0,10,2,2727,2253,1560,945,2056,.460,255,711,.359,582,871,.668,437,1385,509,274,118,418,611,62.9,111.1,.424,.346,.552,53.8,53.9,11.2,8.6,.522,14.5,34.7,.283,+28.57,116.5,88.0,61.3,+.053,+9.02,109.4,100.4,+2.39,34,19,15,.559,-3.31,-5.22,9,7,10,3,7,11,2239,2174,1375,765,1733,.441,163,453,.360,546,728,.750,343,1175,376,184,101,428,580,63.0,103.3,.420,.261,.539,52.5,49.2,8.5,8.6,.488,17.1,31.9,.315,-1.04,102.9,103.9,61.6,+.002,-5.12,101.5,106.6,+0.91
Pittsburgh,Colorado,77,48,1,36,26,10,.722,17.46,7.54,11,7,13,5,7,2,2586,2229,1466,895,1944,.460,183,522,.351,613,861,.712,432,1291,563,254,107,373,620,62.4,113.0,.443,.269,.550,54.5,62.9,11.1,8.6,.507,13.7,37.3,.315,+21.89,116.9,95.0,62.2,-.038,+7.62,108.0,100.4,-3.66,35,23,12,.657,10.80,8.80,10,8,16,2,5,6,2457,2387,1415,814,1871,.435,181,569,.318,648,903,.718,401,1305,397,207,115,466,576,67.0,103.7,.483,.304,.534,54.3,48.8,8.7,9.0,.483,16.8,34.0,.346,+11.20,107.7,96.5,64.8,+.120,+8.74,109.5,100.8,+1.71
Virginia Commonwealth,Stephen F. Austin,75,77,0,35,26,9,.743,14.55,4.78,12,4,15,0,6,5,2624,2282,1420,922,2196,.420,260,744,.349,520,772,.674,479,1317,459,391,150,423,686,70.4,105.0,.352,.339,.512,50.6,49.8,15.6,11.5,.479,14.2,34.3,.237,+19.80,109.2,89.4,68.9,-.058,+5.45,107.4,102.0,+1.33,35,32,3,.914,4.82,-6.76,18,0,15,0,14,2,2661,2219,1410,922,1992,.463,248,718,.345,569,800,.711,451,1186,574,257,104,393,730,65.5,115.2,.402,.360,.561,53.8,62.3,11.1,8.6,.525,14.2,38.4,.286,+10.83,112.3,101.5,61.2,+.073,-7.12,102.0,109.2,-4.19
Tulsa,UCLA,59,76,0,34,21,13,.618,6.23,1.17,13,3,11,3,6,7,2471,2299,1370,835,1899,.440,197,603,.327,604,894,.676,368,1231,427,232,127,394,725,68.7,105.0,.471,.318,.532,50.3,51.1,9.9,10.5,.492,14.5,30.2,.318,+8.93,106.1,97.2,66.8,-.023,+0.57,104.9,104.3,+2.81,37,28,9,.757,18.40,7.62,12,6,16,2,5,5,3003,2604,1490,1073,2196,.489,229,603,.380,628,839,.749,368,1308,636,341,111,379,652,70.0,115.1,.382,.275,.579,51.2,59.3,13.1,9.0,.541,12.7,29.8,.286,+22.53,118.7,96.1,68.4,-.019,+7.63,109.1,101.5,-3.26
Dayton,Ohio State,60,59,1,37,26,11,.703,10.55,5.34,10,6,13,4,7,4,2671,2478,1490,935,2018,.463,243,644,.377,558,819,.681,414,1289,485,222,96,442,736,65.4,109.6,.406,.319,.555,52.7,51.9,9.1,7.3,.524,15.5,34.0,.277,+14.25,113.8,99.6,63.8,+.038,+6.25,107.7,101.4,-0.57,35,25,10,.714,17.84,8.12,10,8,17,3,5,5,2432,2092,1410,843,1875,.450,200,617,.324,546,793,.689,346,1187,421,270,157,394,577,65.1,106.1,.423,.329,.540,50.2,49.9,11.8,12.2,.503,14.9,29.6,.291,+21.30,109.3,88.0,64.0,-.043,+7.80,109.2,101.4,-3.36
Syracuse,Western Michigan,77,53,1,34,28,6,.824,16.05,7.25,14,4,16,2,8,2,2311,2012,1370,819,1873,.437,167,505,.331,506,715,.708,446,1200,402,271,171,306,546,60.5,111.6,.382,.270,.522,52.8,49.1,13.1,17.2,.482,12.1,38.1,.270,+21.62,114.6,93.0,59.6,+.016,+7.23,109.4,102.2,-1.01,33,23,10,.697,1.73,-1.45,14,4,13,2,6,7,2373,2235,1340,779,1684,.463,195,593,.329,620,856,.724,323,1143,376,194,111,464,602,66.5,106.5,.508,.352,.568,51.3,48.3,8.7,9.6,.520,18.2,31.6,.368,+3.36,106.3,103.0,65.2,+.098,-1.86,103.9,105.7,-3.25
New Mexico,Stanford,53,58,0,34,27,7,.794,12.72,4.84,15,3,13,2,8,2,2516,2248,1380,847,1851,.458,197,593,.332,625,863,.724,360,1296,522,162,172,361,577,65.6,111.2,.466,.320,.556,53.8,61.6,7.2,13.3,.511,13.8,32.5,.338,+17.15,113.5,96.3,64.4,+.032,+4.83,107.7,102.9,+3.24,36,23,13,.639,13.42,9.00,10,8,12,4,6,5,2616,2457,1445,896,1950,.459,208,571,.364,616,877,.702,347,1257,415,191,154,409,655,67.1,108.0,.450,.293,.553,51.3,46.3,7.9,11.6,.513,14.7,29.3,.316,+16.06,112.4,96.4,65.3,+.016,+9.42,110.2,100.7,+2.34
Eastern Kentucky,Kansas,69,80,0,34,24,10,.706,0.60,-4.34,11,5,12,2,8,6,2677,2411,1365,881,1810,.487,315,807,.390,600,798,.752,243,884,498,299,67,359,707,67.5,116.3,.441,.446,.611,44.3,56.5,13.0,6.4,.574,14.1,23.6,.331,+3.96,112.4,108.4,64.2,+.036,-4.97,104.1,109.0,-5.04,35,25,10,.714,20.25,11.40,14,4,14,1,5,6,2764,2454,1410,955,1937,.493,189,556,.340,665,935,.711,416,1336,523,204,196,463,732,68.6,114.3,.483,.287,.580,55.5,54.8,8.4,14.6,.542,16.3,37.3,.343,+24.60,119.3,94.7,66.6,-.051,+12.13,112.2,100.0,+9.47
Florida,Pittsburgh,61,45,1,39,36,3,.923,20.69,8.54,18,0,17,0,10,2,2727,2253,1560,945,2056,.460,255,711,.359,582,871,.668,437,1385,509,274,118,418,611,62.9,111.1,.424,.346,.552,53.8,53.9,11.2,8.6,.522,14.5,34.7,.283,+28.57,116.5,88.0,61.3,+.053,+9.02,109.4,100.4,+2.39,36,26,10,.722,17.46,7.54,11,7,13,5,7,2,2586,2229,1466,895,1944,.460,183,522,.351,613,861,.712,432,1291,563,254,107,373,620,62.4,113.0,.443,.269,.550,54.5,62.9,11.1,8.6,.507,13.7,37.3,.315,+21.89,116.9,95.0,62.2,-.038,+7.62,108.0,100.4,-3.66
UCLA,Stephen F. Austin,77,60,1,37,28,9,.757,18.40,7.62,12,6,16,2,5,5,3003,2604,1490,1073,2196,.489,229,603,.380,628,839,.749,368,1308,636,341,111,379,652,70.0,115.1,.382,.275,.579,51.2,59.3,13.1,9.0,.541,12.7,29.8,.286,+22.53,118.7,96.1,68.4,-.019,+7.63,109.1,101.5,-3.26,35,32,3,.914,4.82,-6.76,18,0,15,0,14,2,2661,2219,1410,922,1992,.463,248,718,.345,569,800,.711,451,1186,574,257,104,393,730,65.5,115.2,.402,.360,.561,53.8,62.3,11.1,8.6,.525,14.2,38.4,.286,+10.83,112.3,101.5,61.2,+.073,-7.12,102.0,109.2,-4.19
Syracuse,Dayton,53,55,0,34,28,6,.824,16.05,7.25,14,4,16,2,8,2,2311,2012,1370,819,1873,.437,167,505,.331,506,715,.708,446,1200,402,271,171,306,546,60.5,111.6,.382,.270,.522,52.8,49.1,13.1,17.2,.482,12.1,38.1,.270,+21.62,114.6,93.0,59.6,+.016,+7.23,109.4,102.2,-1.01,37,26,11,.703,10.55,5.34,10,6,13,4,7,4,2671,2478,1490,935,2018,.463,243,644,.377,558,819,.681,414,1289,485,222,96,442,736,65.4,109.6,.406,.319,.555,52.7,51.9,9.1,7.3,.524,15.5,34.0,.277,+14.25,113.8,99.6,63.8,+.038,+6.25,107.7,101.4,-0.57
Kansas,Stanford,57,60,0,35,25,10,.714,20.25,11.40,14,4,14,1,5,6,2764,2454,1410,955,1937,.493,189,556,.340,665,935,.711,416,1336,523,204,196,463,732,68.6,114.3,.483,.287,.580,55.5,54.8,8.4,14.6,.542,16.3,37.3,.343,+24.60,119.3,94.7,66.6,-.051,+12.13,112.2,100.0,+9.47,36,23,13,.639,13.42,9.00,10,8,12,4,6,5,2616,2457,1445,896,1950,.459,208,571,.364,616,877,.702,347,1257,415,191,154,409,655,67.1,108.0,.450,.293,.553,51.3,46.3,7.9,11.6,.513,14.7,29.3,.316,+16.06,112.4,96.4,65.3,+.016,+9.42,110.2,100.7,+2.34
Florida,UCLA,79,68,1,39,36,3,.923,20.69,8.54,18,0,17,0,10,2,2727,2253,1560,945,2056,.460,255,711,.359,582,871,.668,437,1385,509,274,118,418,611,62.9,111.1,.424,.346,.552,53.8,53.9,11.2,8.6,.522,14.5,34.7,.283,+28.57,116.5,88.0,61.3,+.053,+9.02,109.4,100.4,+2.39,37,28,9,.757,18.40,7.62,12,6,16,2,5,5,3003,2604,1490,1073,2196,.489,229,603,.380,628,839,.749,368,1308,636,341,111,379,652,70.0,115.1,.382,.275,.579,51.2,59.3,13.1,9.0,.541,12.7,29.8,.286,+22.53,118.7,96.1,68.4,-.019,+7.63,109.1,101.5,-3.26
Dayton,Stanford,82,72,1,37,26,11,.703,10.55,5.34,10,6,13,4,7,4,2671,2478,1490,935,2018,.463,243,644,.377,558,819,.681,414,1289,485,222,96,442,736,65.4,109.6,.406,.319,.555,52.7,51.9,9.1,7.3,.524,15.5,34.0,.277,+14.25,113.8,99.6,63.8,+.038,+6.25,107.7,101.4,-0.57,36,23,13,.639,13.42,9.00,10,8,12,4,6,5,2616,2457,1445,896,1950,.459,208,571,.364,616,877,.702,347,1257,415,191,154,409,655,67.1,108.0,.450,.293,.553,51.3,46.3,7.9,11.6,.513,14.7,29.3,.316,+16.06,112.4,96.4,65.3,+.016,+9.42,110.2,100.7,+2.34
Dayton,Florida,52,62,0,37,26,11,.703,10.55,5.34,10,6,13,4,7,4,2671,2478,1490,935,2018,.463,243,644,.377,558,819,.681,414,1289,485,222,96,442,736,65.4,109.6,.406,.319,.555,52.7,51.9,9.1,7.3,.524,15.5,34.0,.277,+14.25,113.8,99.6,63.8,+.038,+6.25,107.7,101.4,-0.57,39,36,3,.923,20.69,8.54,18,0,17,0,10,2,2727,2253,1560,945,2056,.460,255,711,.359,582,871,.668,437,1385,509,274,118,418,611,62.9,111.1,.424,.346,.552,53.8,53.9,11.2,8.6,.522,14.5,34.7,.283,+28.57,116.5,88.0,61.3,+.053,+9.02,109.4,100.4,+2.39
Coastal Carolina,Virginia,59,70,0,34,21,13,.618,-5.21,-6.31,11,5,14,5,6,7,2458,2326,1375,861,1969,.437,212,628,.338,524,758,.691,434,1336,362,216,96,473,668,68.6,104.2,.385,.319,.528,53.2,42.0,9.2,8.6,.491,16.9,35.1,.266,-4.98,98.2,103.2,65.6,+.040,-8.10,102.1,110.2,-4.94,37,30,7,.811,18.38,7.86,16,2,15,2,7,4,2449,2060,1486,855,1884,.454,206,559,.369,533,792,.673,379,1312,484,193,150,362,594,60.6,108.8,.420,.297,.542,54.7,56.6,8.6,12.0,.508,13.8,33.2,.283,+26.46,114.8,88.3,59.5,+.012,+8.67,109.4,100.8,+1.57
Memphis,George Washington,71,66,1,34,24,10,.706,13.02,7.14,12,6,15,2,5,5,2614,2397,1370,958,2009,.477,182,552,.330,516,801,.644,427,1268,591,294,159,449,612,70.6,108.2,.399,.275,.547,51.5,61.7,12.2,11.0,.522,15.8,35.6,.257,+15.22,112.4,97.1,67.5,+.048,+7.25,108.3,101.1,+0.02,33,24,9,.727,10.60,4.42,11,5,14,1,6,5,2415,2211,1324,839,1812,.463,187,514,.364,550,845,.651,394,1229,461,235,135,428,595,68.0,107.3,.466,.284,.546,52.5,54.9,10.4,11.2,.515,16.2,35.1,.304,+13.82,110.8,97.0,65.3,+.056,+5.56,107.3,101.7,-0.08
Cincinnati,Harvard,57,61,0,34,27,7,.794,15.26,5.28,15,3,18,1,7,3,2325,1986,1360,805,1893,.425,196,585,.335,519,733,.708,457,1224,425,268,188,377,596,63.6,107.5,.387,.309,.519,53.2,52.8,12.4,16.0,.477,14.4,39.1,.274,+19.24,109.7,90.4,61.1,+.036,+4.72,107.3,102.6,-4.57,32,27,5,.844,10.79,-0.47,13,1,11,1,11,3,2343,1952,1300,786,1691,.465,184,478,.385,587,811,.724,335,1092,449,243,155,365,566,64.6,111.6,.480,.283,.564,52.1,57.1,11.6,13.4,.519,15.0,32.8,.347,+17.58,112.9,95.3,64.1,+.020,+0.13,104.5,104.3,+0.98
Michigan State,Delaware,93,78,1,38,29,9,.763,19.35,9.38,12,6,12,4,7,3,2870,2491,1535,1024,2159,.474,307,783,.392,515,728,.707,395,1400,637,259,174,430,721,66.0,113.3,.337,.363,.573,53.7,62.2,10.2,13.4,.545,14.7,32.2,.239,+23.92,118.6,94.7,64.4,-.003,+10.44,110.2,99.7,+0.57,35,25,10,.714,2.73,-1.10,14,2,10,2,11,7,2782,2648,1405,936,2108,.444,252,727,.347,658,925,.711,385,1264,377,208,123,334,660,70.9,111.7,.439,.345,.546,48.1,40.3,8.4,8.5,.504,11.6,29.1,.312,+5.83,112.0,106.2,70.4,+.064,-0.68,105.2,105.9,+2.88
North Carolina,Providence,79,77,1,34,24,10,.706,15.24,8.42,13,5,15,3,6,5,2604,2372,1370,953,2057,.463,146,434,.336,552,882,.626,483,1350,523,249,161,406,690,70.0,108.5,.429,.211,.526,53.4,54.9,10.4,12.5,.499,14.1,38.1,.268,+18.44,112.6,94.2,69.2,+.000,+8.83,110.5,101.6,+1.31,35,23,12,.657,11.37,7.85,10,8,13,3,5,6,2566,2443,1450,849,1984,.428,218,628,.347,650,831,.782,432,1278,476,194,173,406,603,64.9,109.1,.419,.317,.539,52.4,56.1,8.3,12.0,.483,14.6,35.4,.328,+13.81,114.6,100.8,62.9,+.051,+8.35,109.2,100.8,+0.81
North Carolina Central,Iowa State,75,93,0,34,28,6,.824,3.97,-8.03,16,1,14,0,11,5,2513,2023,1380,847,1832,.462,184,545,.338,635,872,.728,403,1197,500,262,137,389,660,64.7,112.5,.476,.297,.559,52.6,59.0,11.7,12.4,.513,14.8,36.6,.347,+7.98,108.6,100.7,62.3,+.040,-10.35,98.1,108.5,-1.94,36,28,8,.778,18.52,9.88,11,7,15,1,4,6,2989,2678,1465,1062,2239,.474,301,840,.358,564,814,.693,375,1387,663,214,106,380,623,71.7,113.9,.364,.375,.569,51.1,62.4,8.2,7.0,.542,12.6,28.8,.252,+21.07,118.9,97.8,70.2,+.064,+10.77,111.1,100.4,+1.44
Saint Joseph's,Connecticut,81,89,0,34,24,10,.706,9.05,5.08,11,5,11,4,8,4,2433,2298,1365,840,1789,.470,250,660,.379,503,780,.645,319,1218,476,151,154,409,544,66.0,108.1,.436,.369,.563,52.0,56.7,6.7,11.9,.539,15.9,29.0,.281,+12.93,112.3,99.4,64.3,+.079,+6.18,107.5,101.3,+0.17,40,32,8,.800,17.23,8.63,12,6,14,3,6,4,2873,2529,1610,971,2163,.449,287,741,.387,644,829,.777,387,1389,488,281,230,457,719,65.5,108.9,.383,.343,.562,50.2,50.3,10.7,15.2,.515,15.2,30.4,.298,+22.13,113.6,91.5,63.2,+.080,+9.43,109.7,100.3,+0.91
Villanova,Milwaukee,73,53,1,34,29,5,.853,18.97,7.50,16,2,15,1,10,2,2651,2261,1385,870,1907,.456,304,855,.356,607,848,.716,379,1263,523,236,141,406,672,67.6,113.2,.445,.448,.574,52.6,60.1,10.1,11.2,.536,14.9,32.6,.318,+23.68,116.3,92.6,66.0,+.075,+7.47,110.1,102.6,+2.61,35,21,14,.600,-1.53,-0.44,7,9,7,6,10,6,2465,2469,1415,808,1888,.428,245,754,.325,604,823,.734,343,1182,476,200,85,469,630,67.9,102.6,.436,.399,.541,48.8,58.9,8.3,6.4,.493,17.1,28.3,.320,+0.08,104.7,104.6,65.8,+.119,+0.03,104.4,104.4,-2.92
Virginia,Memphis,78,60,1,37,30,7,.811,18.38,7.86,16,2,15,2,7,4,2449,2060,1486,855,1884,.454,206,559,.369,533,792,.673,379,1312,484,193,150,362,594,60.6,108.8,.420,.297,.542,54.7,56.6,8.6,12.0,.508,13.8,33.2,.283,+26.46,114.8,88.3,59.5,+.012,+8.67,109.4,100.8,+1.57,34,24,10,.706,13.02,7.14,12,6,15,2,5,5,2614,2397,1370,958,2009,.477,182,552,.330,516,801,.644,427,1268,591,294,159,449,612,70.6,108.2,.399,.275,.547,51.5,61.7,12.2,11.0,.522,15.8,35.6,.257,+15.22,112.4,97.1,67.5,+.048,+7.25,108.3,101.1,+0.02
Harvard,Michigan State,73,80,0,32,27,5,.844,10.79,-0.47,13,1,11,1,11,3,2343,1952,1300,786,1691,.465,184,478,.385,587,811,.724,335,1092,449,243,155,365,566,64.6,111.6,.480,.283,.564,52.1,57.1,11.6,13.4,.519,15.0,32.8,.347,+17.58,112.9,95.3,64.1,+.020,+0.13,104.5,104.3,+0.98,38,29,9,.763,19.35,9.38,12,6,12,4,7,3,2870,2491,1535,1024,2159,.474,307,783,.392,515,728,.707,395,1400,637,259,174,430,721,66.0,113.3,.337,.363,.573,53.7,62.2,10.2,13.4,.545,14.7,32.2,.239,+23.92,118.6,94.7,64.4,-.003,+10.44,110.2,99.7,+0.57
North Carolina,Iowa State,83,85,0,34,24,10,.706,15.24,8.42,13,5,15,3,6,5,2604,2372,1370,953,2057,.463,146,434,.336,552,882,.626,483,1350,523,249,161,406,690,70.0,108.5,.429,.211,.526,53.4,54.9,10.4,12.5,.499,14.1,38.1,.268,+18.44,112.6,94.2,69.2,+.000,+8.83,110.5,101.6,+1.31,36,28,8,.778,18.52,9.88,11,7,15,1,4,6,2989,2678,1465,1062,2239,.474,301,840,.358,564,814,.693,375,1387,663,214,106,380,623,71.7,113.9,.364,.375,.569,51.1,62.4,8.2,7.0,.542,12.6,28.8,.252,+21.07,118.9,97.8,70.2,+.064,+10.77,111.1,100.4,+1.44
Villanova,Connecticut,65,77,0,34,29,5,.853,18.97,7.50,16,2,15,1,10,2,2651,2261,1385,870,1907,.456,304,855,.356,607,848,.716,379,1263,523,236,141,406,672,67.6,113.2,.445,.448,.574,52.6,60.1,10.1,11.2,.536,14.9,32.6,.318,+23.68,116.3,92.6,66.0,+.075,+7.47,110.1,102.6,+2.61,40,32,8,.800,17.23,8.63,12,6,14,3,6,4,2873,2529,1610,971,2163,.449,287,741,.387,644,829,.777,387,1389,488,281,230,457,719,65.5,108.9,.383,.343,.562,50.2,50.3,10.7,15.2,.515,15.2,30.4,.298,+22.13,113.6,91.5,63.2,+.080,+9.43,109.7,100.3,+0.91
Virginia,Michigan State,59,61,0,37,30,7,.811,18.38,7.86,16,2,15,2,7,4,2449,2060,1486,855,1884,.454,206,559,.369,533,792,.673,379,1312,484,193,150,362,594,60.6,108.8,.420,.297,.542,54.7,56.6,8.6,12.0,.508,13.8,33.2,.283,+26.46,114.8,88.3,59.5,+.012,+8.67,109.4,100.8,+1.57,38,29,9,.763,19.35,9.38,12,6,12,4,7,3,2870,2491,1535,1024,2159,.474,307,783,.392,515,728,.707,395,1400,637,259,174,430,721,66.0,113.3,.337,.363,.573,53.7,62.2,10.2,13.4,.545,14.7,32.2,.239,+23.92,118.6,94.7,64.4,-.003,+10.44,110.2,99.7,+0.57
Connecticut,Iowa State,81,76,1,40,32,8,.800,17.23,8.63,12,6,14,3,6,4,2873,2529,1610,971,2163,.449,287,741,.387,644,829,.777,387,1389,488,281,230,457,719,65.5,108.9,.383,.343,.562,50.2,50.3,10.7,15.2,.515,15.2,30.4,.298,+22.13,113.6,91.5,63.2,+.080,+9.43,109.7,100.3,+0.91,36,28,8,.778,18.52,9.88,11,7,15,1,4,6,2989,2678,1465,1062,2239,.474,301,840,.358,564,814,.693,375,1387,663,214,106,380,623,71.7,113.9,.364,.375,.569,51.1,62.4,8.2,7.0,.542,12.6,28.8,.252,+21.07,118.9,97.8,70.2,+.064,+10.77,111.1,100.4,+1.44
Connecticut,Michigan State,60,54,1,40,32,8,.800,17.23,8.63,12,6,14,3,6,4,2873,2529,1610,971,2163,.449,287,741,.387,644,829,.777,387,1389,488,281,230,457,719,65.5,108.9,.383,.343,.562,50.2,50.3,10.7,15.2,.515,15.2,30.4,.298,+22.13,113.6,91.5,63.2,+.080,+9.43,109.7,100.3,+0.91,38,29,9,.763,19.35,9.38,12,6,12,4,7,3,2870,2491,1535,1024,2159,.474,307,783,.392,515,728,.707,395,1400,637,259,174,430,721,66.0,113.3,.337,.363,.573,53.7,62.2,10.2,13.4,.545,14.7,32.2,.239,+23.92,118.6,94.7,64.4,-.003,+10.44,110.2,99.7,+0.57
Florida,Connecticut,53,63,0,39,36,3,.923,20.69,8.54,18,0,17,0,10,2,2727,2253,1560,945,2056,.460,255,711,.359,582,871,.668,437,1385,509,274,118,418,611,62.9,111.1,.424,.346,.552,53.8,53.9,11.2,8.6,.522,14.5,34.7,.283,+28.57,116.5,88.0,61.3,+.053,+9.02,109.4,100.4,+2.39,40,32,8,.800,17.23,8.63,12,6,14,3,6,4,2873,2529,1610,971,2163,.449,287,741,.387,644,829,.777,387,1389,488,281,230,457,719,65.5,108.9,.383,.343,.562,50.2,50.3,10.7,15.2,.515,15.2,30.4,.298,+22.13,113.6,91.5,63.2,+.080,+9.43,109.7,100.3,+0.91
Wisconsin,Kentucky,73,74,0,38,30,8,.789,19.69,10.19,12,6,14,3,8,3,2793,2432,1525,927,2019,.459,297,790,.376,642,861,.746,337,1266,468,183,127,307,574,63.3,115.7,.426,.391,.575,51.1,50.5,7.6,8.0,.533,11.2,28.1,.318,+25.89,122.0,96.1,62.4,+.019,+11.44,110.2,98.8,+3.33,40,29,11,.725,18.07,9.90,12,6,16,2,5,5,2992,2665,1615,1004,2213,.454,203,611,.332,781,1146,.682,562,1607,446,189,236,469,732,65.9,112.4,.518,.276,.543,56.6,44.4,7.1,14.9,.500,14.5,41.4,.353,+22.55,118.3,95.8,64.0,-.025,+10.73,110.5,99.8,+4.19
Kentucky,Connecticut,54,60,0,40,29,11,.725,18.07,9.90,12,6,16,2,5,5,2992,2665,1615,1004,2213,.454,203,611,.332,781,1146,.682,562,1607,446,189,236,469,732,65.9,112.4,.518,.276,.543,56.6,44.4,7.1,14.9,.500,14.5,41.4,.353,+22.55,118.3,95.8,64.0,-.025,+10.73,110.5,99.8,+4.19,40,32,8,.800,17.23,8.63,12,6,14,3,6,4,2873,2529,1610,971,2163,.449,287,741,.387,644,829,.777,387,1389,488,281,230,457,719,65.5,108.9,.383,.343,.562,50.2,50.3,10.7,15.2,.515,15.2,30.4,.298,+22.13,113.6,91.5,63.2,+.080,+9.43,109.7,100.3,+0.91
