School,G,W,L,W-L%,SRS,SOS,W,L,W,L,W,L,Tm.,Opp.,Pace,ORtg,FTr,3PAr,TS%,TRB%,AST%,STL%,BLK%,eFG%,TOV%,ORB%,FT/FGA
Air Force,29,13,16,.448,-0.45,2.14,3,11,9,7,2,7,1786,1798,62.9,97.1,.388,.411,.545,43.6,65.4,10.5,10.5,.515,18.5,20.4,.262
Akron,34,22,12,.647,6.33,0.72,13,3,13,2,8,8,2456,2241,67.5,106.2,.394,.298,.550,49.2,54.7,10.7,10.4,.517,17.7,35.2,.273
Alabama A&M,28,7,21,.250,-19.33,-10.79,5,13,6,5,1,15,1764,1964,68.8,90.8,.361,.305,.490,45.5,49.9,9.2,10.7,.457,20.4,31.1,.233
Alabama-Birmingham,31,15,16,.484,2.61,3.64,9,7,8,7,5,7,1875,1907,62.0,97.2,.363,.334,.513,50.2,53.8,7.1,9.4,.477,19.4,34.8,.249
Alabama State,31,12,19,.387,-15.79,-9.96,9,9,7,4,4,14,1840,1995,65.6,88.7,.354,.362,.460,46.0,55.1,11.4,8.4,.433,19.0,33.1,.207
Alabama,33,21,12,.636,13.76,7.18,9,7,12,3,4,6,2135,1918,62.9,102.2,.362,.273,.529,49.9,51.7,11.4,12.0,.491,17.3,33.5,.257
Albany (NY),34,19,15,.559,-3.92,-6.92,9,7,10,4,6,10,2453,2351,65.7,109.4,.367,.356,.553,49.2,50.4,8.6,7.5,.511,16.2,35.2,.277
Alcorn State,32,10,22,.313,-19.57,-10.61,6,12,7,5,2,14,1926,2148,68.7,89.7,.363,.252,.492,43.2,42.1,9.3,8.5,.451,19.8,28.1,.252
American,32,20,12,.625,-3.12,-5.24,10,4,13,2,7,10,2059,1991,62.9,102.0,.338,.343,.529,46.5,56.7,7.2,8.0,.493,15.4,27.1,.242
Appalachian State,31,13,18,.419,-6.93,-3.28,7,11,9,5,3,11,2121,2175,68.0,100.2,.387,.349,.529,47.9,50.8,8.8,9.7,.501,18.1,31.0,.252
Arizona State,31,10,21,.323,-1.01,4.31,6,12,7,10,2,7,1891,2056,63.4,96.3,.413,.345,.549,49.2,57.6,8.8,11.7,.517,22.7,29.6,.279
Arizona,35,23,12,.657,10.91,4.62,12,6,14,4,6,4,2416,2196,65.0,105.4,.445,.377,.550,49.1,59.5,8.5,8.9,.510,16.9,31.5,.313
Little Rock,31,15,16,.484,-1.94,0.03,12,4,9,6,6,8,1974,1990,65.2,96.2,.406,.297,.500,45.5,48.2,9.6,9.2,.455,16.4,27.8,.283
Arkansas-Pine Bluff,33,11,22,.333,-16.77,-8.34,9,9,6,3,3,15,2013,2291,66.3,91.7,.421,.284,.491,45.7,52.1,10.5,11.3,.455,19.3,31.5,.268
Arkansas State,34,14,20,.412,-3.18,-0.52,6,10,10,5,2,14,2198,2239,64.1,100.0,.416,.269,.518,49.1,43.0,9.6,6.0,.482,17.8,34.6,.278
Arkansas,32,18,14,.563,5.76,3.63,6,10,17,3,1,9,2299,2231,70.2,102.4,.372,.312,.525,44.6,53.6,11.8,12.8,.490,15.9,31.5,.257
Army,30,12,18,.400,-11.26,-7.16,5,9,9,6,3,11,2027,2091,69.4,96.1,.371,.417,.536,44.4,59.4,8.8,5.3,.496,19.8,24.3,.269
Auburn,31,15,16,.484,2.52,3.84,5,11,14,3,1,10,1942,1983,65.0,95.2,.364,.310,.496,47.4,55.5,9.8,14.0,.464,18.1,31.9,.236
Austin Peay,32,12,20,.375,-4.86,-0.66,8,8,8,5,4,12,2216,2324,68.2,100.7,.413,.243,.520,46.5,49.0,10.5,9.3,.484,17.9,34.4,.277
Ball State,30,15,15,.500,-2.93,-4.45,6,10,10,5,5,9,1901,1822,62.5,101.4,.393,.378,.521,49.1,61.8,9.7,7.9,.483,17.5,34.4,.271
Baylor,38,30,8,.789,16.54,8.03,12,6,14,3,8,3,2839,2483,67.1,111.0,.353,.315,.566,52.0,56.8,11.2,12.5,.528,17.2,38.4,.266
Belmont,35,27,8,.771,11.81,-1.22,16,2,13,1,10,6,2831,2363,68.7,117.0,.385,.403,.591,49.7,62.2,10.5,5.7,.558,15.2,34.5,.282
Bethune-Cookman,35,18,17,.514,-9.11,-7.05,11,5,9,3,5,12,2276,2319,64.9,99.9,.371,.276,.512,45.5,50.9,10.6,7.6,.480,17.5,34.6,.244
Binghamton,31,2,29,.065,-20.14,-6.24,1,15,1,13,0,15,1762,2193,65.1,86.9,.341,.277,.480,44.0,55.2,9.2,6.2,.439,20.1,26.8,.238
Boise State,30,13,17,.433,3.52,3.14,3,11,11,5,1,11,2050,1988,65.2,104.3,.356,.402,.530,49.9,48.9,9.3,5.9,.497,15.9,32.2,.246
Boston College,31,9,22,.290,-4.54,4.89,4,12,8,9,0,10,1833,2125,64.7,90.3,.337,.430,.512,42.9,56.3,7.5,7.6,.481,20.2,22.4,.227
Boston University,32,16,16,.500,-3.74,-4.09,12,4,7,5,8,9,2045,2034,64.4,98.8,.340,.369,.513,47.7,51.2,9.0,8.7,.481,17.9,31.8,.229
Bowling Green State,32,16,16,.500,1.23,0.07,9,7,12,4,4,12,2125,2046,64.8,102.1,.264,.257,.526,48.7,53.2,11.9,9.0,.502,17.4,34.1,.180
Bradley,32,7,25,.219,-5.79,3.62,2,16,6,10,1,12,1955,2256,67.3,90.7,.363,.292,.485,45.3,49.8,9.5,8.2,.444,17.8,26.3,.248
Brigham Young,35,26,9,.743,11.25,1.55,12,4,13,3,8,3,2727,2358,73.0,106.7,.367,.323,.553,50.2,61.3,11.6,11.9,.521,16.1,30.6,.257
Brown,31,8,23,.258,-12.52,-3.62,2,12,6,9,1,12,1907,2154,65.4,94.1,.285,.382,.495,44.4,60.3,8.0,6.7,.473,16.6,24.9,.179
Bryant,30,2,28,.067,-17.90,-4.27,1,17,1,10,0,17,1852,2261,66.3,92.6,.295,.424,.499,43.5,57.3,6.7,5.8,.468,19.2,27.6,.204
Bucknell,35,25,10,.714,3.57,-3.08,12,2,14,3,11,7,2410,2147,64.0,107.6,.379,.290,.563,52.9,57.2,6.8,9.5,.518,16.3,30.0,.293
Buffalo,31,20,11,.645,4.15,0.15,12,4,12,2,8,8,2262,2090,68.7,105.8,.384,.347,.552,52.2,63.4,8.1,13.1,.526,18.5,35.7,.253
Butler,37,22,15,.595,2.86,1.14,11,7,13,6,7,9,2352,2245,64.5,97.5,.400,.323,.491,50.5,55.2,9.9,10.1,.454,16.8,35.7,.260
Cal Poly,33,18,15,.545,-0.58,-3.78,8,8,10,4,5,10,2136,1998,60.4,107.1,.291,.357,.521,51.9,54.0,9.4,4.8,.492,14.6,36.7,.203
Cal State Bakersfield,31,16,15,.516,-7.15,-3.65,0,0,10,3,6,12,2121,2154,66.2,103.0,.350,.323,.543,47.9,57.7,12.0,11.0,.513,18.9,34.9,.239
Cal State Fullerton,31,21,10,.677,-1.18,-5.32,12,4,13,1,7,7,2417,2205,70.3,110.9,.396,.373,.577,51.5,55.7,8.0,7.1,.548,18.5,36.9,.275
Cal State Northridge,28,7,21,.250,-12.65,-2.61,3,13,4,8,3,13,1908,2101,69.0,98.2,.361,.332,.487,46.3,58.5,9.0,7.5,.434,16.4,36.2,.273
UC-Davis,31,5,26,.161,-15.60,-2.63,3,13,4,8,1,14,1924,2307,66.6,93.2,.328,.403,.516,43.3,56.1,7.3,5.8,.484,20.4,27.0,.224
UC-Irvine,32,12,20,.375,-6.07,-1.24,6,10,8,6,3,11,2179,2309,69.9,96.7,.318,.376,.509,46.7,63.5,6.9,10.4,.484,18.6,31.0,.203
UC-Riverside,31,14,17,.452,-8.01,-2.22,7,9,8,5,5,9,1841,1954,63.3,92.0,.298,.253,.483,45.6,45.0,7.4,11.4,.449,17.7,29.1,.206
UC-Santa Barbara,31,20,11,.645,4.00,-1.38,12,4,11,3,7,7,2262,2059,64.6,111.2,.342,.338,.554,51.1,57.4,8.5,13.5,.525,15.2,36.3,.237
University of California,34,24,10,.706,13.79,4.53,13,5,17,1,5,6,2419,2104,66.3,107.3,.341,.229,.554,51.4,60.5,7.1,8.0,.517,15.8,32.1,.254
Campbell,32,17,15,.531,-6.06,-4.80,11,7,11,2,6,12,2370,2361,69.6,106.0,.435,.259,.562,48.9,58.6,8.8,14.2,.532,17.7,31.5,.291
Canisius,30,5,25,.167,-14.73,-4.53,1,17,3,10,2,14,1965,2271,67.6,96.1,.291,.335,.499,45.8,46.4,9.4,6.8,.462,18.3,33.9,.211
Central Arkansas,29,8,21,.276,-17.26,-4.83,3,13,6,7,2,14,2058,2371,74.2,94.0,.321,.260,.474,45.0,54.2,10.7,7.3,.457,17.0,33.9,.178
Central Connecticut State,29,13,16,.448,-5.36,-5.05,10,8,10,3,3,12,2029,2038,68.9,100.2,.324,.310,.521,44.9,54.8,11.6,9.3,.478,17.9,33.3,.246
Central Florida,33,22,11,.667,4.33,2.98,10,6,16,1,3,9,2166,2096,64.3,102.1,.406,.333,.511,49.5,48.8,9.8,11.8,.482,16.4,36.5,.254
Central Michigan,32,11,21,.344,-6.74,-1.62,5,11,6,6,3,13,1980,2134,64.4,95.3,.335,.343,.482,45.2,47.0,10.3,10.1,.452,16.1,32.0,.213
Charleston Southern,31,19,12,.613,-2.19,-4.33,11,7,12,2,5,10,2383,2242,70.9,108.0,.353,.365,.547,48.4,47.4,11.4,7.2,.517,16.0,34.3,.243
Charlotte,30,13,17,.433,0.99,2.86,5,11,7,7,6,10,2010,2066,68.8,96.6,.390,.351,.504,47.1,56.6,11.7,8.0,.469,17.4,30.0,.257
Chattanooga,32,11,21,.344,-6.99,-3.54,5,13,11,6,0,14,2260,2204,69.5,100.5,.386,.391,.516,49.7,59.6,9.0,3.7,.479,16.8,31.5,.265
Chicago State,30,4,26,.133,-19.30,-3.13,2,8,3,9,1,17,1884,2313,71.5,87.5,.312,.304,.474,45.2,46.5,9.9,9.3,.442,20.3,30.1,.204
Cincinnati,37,26,11,.703,12.93,6.28,12,6,14,4,7,5,2522,2276,64.1,104.9,.293,.348,.505,48.1,51.8,12.4,12.0,.480,13.9,35.7,.189
Citadel,30,6,24,.200,-14.49,-3.67,3,15,4,10,1,12,1925,2158,66.1,95.5,.334,.302,.516,45.9,56.8,8.9,4.5,.488,19.1,29.5,.220
Clemson,31,16,15,.516,7.31,3.41,8,8,11,5,4,7,2001,1880,63.3,101.2,.314,.313,.512,48.8,53.3,11.7,10.7,.483,16.1,33.0,.210
Cleveland State,33,22,11,.667,5.27,0.12,12,6,10,4,11,5,2177,1983,64.3,102.7,.276,.333,.535,47.9,56.1,13.2,10.3,.508,18.4,35.1,.196
Coastal Carolina,31,19,12,.613,-2.64,-4.56,12,6,12,4,7,7,2248,2042,66.8,107.7,.332,.251,.554,52.3,47.7,9.7,10.4,.529,17.4,35.6,.224
Colgate,30,8,22,.267,-14.91,-4.38,2,12,5,8,3,14,1893,2209,65.7,95.3,.355,.336,.529,46.3,55.0,5.6,6.1,.495,19.7,26.0,.245
College of Charleston,31,19,12,.613,-0.16,-2.54,10,8,10,4,7,6,2191,2117,68.4,101.8,.386,.410,.523,45.0,49.1,10.6,9.0,.495,16.4,29.9,.248
Colorado State,32,20,12,.625,6.58,5.23,8,6,14,1,3,9,2243,2177,64.5,107.4,.423,.292,.576,49.2,50.9,8.2,5.7,.530,17.3,28.7,.324
Colorado,36,24,12,.667,7.91,5.73,11,7,14,2,4,7,2429,2269,66.0,101.9,.432,.305,.538,50.2,50.5,8.8,9.0,.499,17.2,30.1,.299
Columbia,30,15,15,.500,-2.90,-3.18,4,10,8,6,5,9,1955,1863,63.5,101.8,.321,.356,.535,49.6,55.6,9.5,6.3,.497,16.6,29.1,.238
Connecticut,34,20,14,.588,12.27,8.07,8,10,13,4,3,7,2336,2193,64.1,106.0,.346,.293,.528,49.3,53.3,9.0,17.6,.500,15.9,36.3,.229
Coppin State,30,14,16,.467,-9.07,-5.96,9,7,7,5,6,9,2213,2257,69.5,105.7,.341,.453,.545,44.5,58.6,8.3,4.8,.515,16.0,30.1,.236
Cornell,28,12,16,.429,-4.05,-0.98,7,7,10,3,2,13,1833,1898,67.7,95.0,.315,.406,.509,43.8,59.3,11.3,8.9,.477,17.3,25.2,.216
Creighton,35,29,6,.829,12.92,3.41,14,4,14,2,10,3,2772,2439,67.3,116.9,.381,.350,.607,52.1,63.2,7.1,5.8,.578,15.6,30.8,.276
Dartmouth,30,5,25,.167,-10.07,-3.56,1,13,4,9,1,14,1727,1904,63.4,90.4,.367,.308,.489,48.0,49.2,8.5,7.1,.445,19.1,27.5,.259
Davidson,33,25,8,.758,7.26,-1.68,16,2,13,2,8,5,2571,2238,68.8,112.4,.371,.386,.555,52.1,51.8,8.0,8.7,.511,14.3,35.4,.283
Dayton,33,20,13,.606,8.48,4.30,9,7,14,4,3,8,2369,2231,65.0,108.7,.335,.403,.549,50.5,58.0,8.0,7.2,.507,16.6,36.3,.260
Delaware State,29,15,14,.517,-8.07,-6.78,12,4,8,5,7,8,1917,1868,62.1,104.2,.312,.323,.523,42.0,49.3,12.4,17.1,.491,14.0,30.3,.219
Delaware,32,18,14,.563,-1.61,-2.18,12,6,11,3,6,10,2206,2188,67.2,100.6,.434,.310,.523,46.6,40.5,6.8,11.3,.475,16.3,28.9,.311
Denver,31,22,9,.710,6.14,-1.47,11,5,14,2,7,6,2112,1876,61.3,109.8,.352,.429,.606,44.1,66.5,11.6,12.4,.573,17.7,23.5,.268
DePaul,31,12,19,.387,1.99,4.57,3,15,7,9,3,8,2298,2378,71.8,102.9,.264,.342,.522,42.7,55.3,11.0,9.2,.495,15.8,31.4,.184
Detroit Mercy,36,22,14,.611,2.40,-0.01,11,7,13,4,6,8,2597,2432,67.1,107.1,.427,.275,.538,49.2,51.3,11.2,13.2,.491,15.7,35.8,.312
Drake,34,18,16,.529,2.44,2.96,9,9,13,3,3,10,2279,2271,67.0,98.5,.418,.326,.530,46.2,44.4,10.2,8.3,.498,17.0,24.7,.274
Drexel,36,29,7,.806,7.37,-1.80,16,2,15,1,11,3,2350,2020,60.9,107.2,.390,.321,.544,52.5,57.7,7.9,9.5,.501,16.3,34.4,.289
Duke,34,27,7,.794,17.05,8.40,13,3,13,3,8,1,2628,2334,68.3,112.3,.451,.386,.565,49.8,48.4,9.0,9.0,.528,15.1,34.7,.316
Duquesne,31,16,15,.516,4.09,3.96,7,9,9,5,4,9,2252,2232,69.2,104.5,.370,.333,.536,41.7,58.7,11.1,9.4,.507,15.1,29.6,.247
East Carolina,31,15,16,.484,2.42,2.53,5,11,10,7,3,8,2136,2019,66.8,102.3,.346,.394,.535,47.8,60.5,11.5,11.1,.505,17.6,31.5,.237
East Tennessee State,31,17,14,.548,-0.41,-1.78,10,8,10,3,6,10,2098,2017,66.7,101.5,.392,.236,.507,48.2,42.1,15.3,10.2,.477,16.8,36.8,.249
Eastern Illinois,29,12,17,.414,-11.48,-6.48,5,11,7,7,5,10,1896,1984,64.2,100.5,.312,.272,.523,46.0,55.7,8.7,6.3,.482,17.3,32.0,.236
Eastern Kentucky,32,16,16,.500,-8.47,-5.93,7,9,11,3,4,11,2123,2117,62.8,104.0,.321,.397,.537,44.1,50.8,11.7,5.4,.501,14.9,27.9,.236
Eastern Michigan,32,14,18,.438,-7.90,-1.68,9,7,9,4,5,13,1704,1878,59.5,88.8,.358,.322,.468,44.7,53.2,11.8,10.5,.424,19.4,32.3,.248
Eastern Washington,32,15,17,.469,-3.87,-3.23,8,8,9,4,6,13,2326,2284,69.1,104.7,.344,.414,.522,45.9,49.5,10.3,10.7,.486,14.5,31.4,.244
Elon,31,15,16,.484,-7.41,-3.03,9,9,10,4,4,11,2175,2226,70.5,98.3,.322,.366,.515,46.0,52.9,6.7,6.5,.486,16.9,28.2,.217
Evansville,32,16,16,.500,3.46,3.56,9,9,11,7,4,8,2351,2327,67.4,106.1,.431,.261,.561,43.2,63.5,11.0,5.0,.512,16.2,26.9,.329
Fairfield,37,22,15,.595,2.94,-1.34,12,6,12,4,5,8,2417,2259,65.2,100.2,.327,.336,.530,48.1,62.6,12.8,11.0,.506,19.2,34.2,.213
Fairleigh Dickinson,29,3,26,.103,-16.99,-5.06,2,16,2,11,1,15,1762,2108,68.2,89.0,.327,.247,.480,45.1,49.2,8.4,10.1,.447,19.3,29.5,.216
Florida A&M,33,10,23,.303,-15.58,-6.29,6,10,5,8,3,12,2175,2416,70.0,93.5,.283,.282,.475,45.2,42.0,11.6,10.9,.451,18.5,36.3,.174
Florida Atlantic,30,11,19,.367,-2.58,0.77,7,9,6,5,4,11,1977,2046,64.8,99.2,.289,.353,.500,45.9,53.2,10.1,10.5,.473,15.6,32.9,.192
Florida Gulf Coast,32,15,17,.469,-2.41,-1.96,8,10,9,5,5,11,2306,2306,68.5,104.4,.337,.372,.550,47.9,52.0,11.8,11.1,.525,18.5,34.0,.226
Florida International,29,8,21,.276,-5.07,-1.10,5,11,2,9,5,9,1836,1951,64.4,97.0,.388,.295,.512,45.7,43.0,11.4,11.8,.466,19.1,32.8,.281
Florida State,35,25,10,.714,14.53,7.62,12,4,15,2,5,5,2443,2201,67.3,102.3,.348,.318,.545,50.0,48.7,11.1,17.0,.512,19.7,35.0,.246
Florida,37,26,11,.703,18.25,7.33,10,6,14,2,4,7,2808,2404,65.1,115.4,.332,.446,.576,49.2,56.5,9.6,8.8,.548,14.4,33.5,.237
Fordham,29,10,19,.345,-7.63,1.92,3,13,9,6,1,13,1797,2074,67.5,91.4,.316,.290,.452,47.0,52.3,9.6,15.2,.423,16.7,36.2,.193
Fresno State,33,13,20,.394,-0.91,0.77,3,11,9,5,3,12,2170,2181,63.1,101.5,.370,.339,.507,44.7,50.1,11.0,9.3,.463,14.1,29.9,.267
Furman,31,15,16,.484,-6.04,-3.90,8,10,9,5,5,10,2006,2022,64.6,100.2,.369,.378,.518,49.4,49.6,8.0,9.2,.478,18.2,34.9,.264
Gardner-Webb,32,12,20,.375,-7.99,-4.82,6,12,9,4,3,15,2103,2138,66.0,98.3,.344,.340,.501,49.0,50.2,10.4,7.2,.468,17.6,34.9,.229
George Mason,33,24,9,.727,3.81,-1.67,14,4,15,1,7,6,2323,2142,67.6,102.5,.409,.263,.544,49.5,51.6,9.9,12.9,.507,19.1,33.9,.286
George Washington,31,10,21,.323,-0.63,4.15,5,11,6,8,2,12,1921,2069,64.0,96.8,.285,.230,.490,47.2,52.1,10.3,10.1,.462,17.2,35.8,.189
Georgetown,33,24,9,.727,16.81,7.69,12,6,15,1,6,5,2278,1959,63.3,107.4,.386,.308,.552,52.1,55.6,9.4,13.2,.519,16.8,35.8,.270
Georgia Southern,30,15,15,.500,-6.70,-3.78,12,6,10,2,4,12,2002,2033,66.7,98.8,.319,.289,.541,46.7,49.5,11.2,6.7,.516,19.7,29.1,.212
Georgia State,34,22,12,.647,5.69,-2.99,11,7,13,3,8,6,2298,2003,65.2,102.2,.343,.290,.510,48.5,50.7,14.0,15.8,.481,15.0,32.5,.225
Georgia Tech,31,11,20,.355,1.74,4.13,4,12,7,8,3,9,1866,1940,63.2,94.8,.287,.309,.501,50.4,48.6,8.2,14.0,.475,19.4,33.5,.188
Georgia,32,15,17,.469,5.92,7.95,5,11,11,6,2,9,1950,2015,61.4,98.0,.303,.370,.487,46.4,50.4,10.0,11.3,.453,14.2,30.5,.208
Gonzaga,33,26,7,.788,13.86,3.25,13,3,15,1,6,4,2436,2086,66.4,110.7,.461,.326,.574,52.0,55.3,10.1,8.5,.535,17.0,34.6,.330
Grambling,28,4,24,.143,-26.82,-9.39,4,14,1,9,3,15,1513,2001,66.5,80.9,.357,.287,.445,42.4,46.3,7.2,8.7,.398,21.2,27.8,.247
Green Bay,30,15,15,.500,-2.32,1.04,10,8,12,2,3,13,1935,1982,65.6,97.9,.332,.281,.510,48.1,53.2,9.2,12.1,.473,18.3,33.5,.234
Hampton,33,12,21,.364,-10.08,-7.93,6,10,6,5,1,13,2134,2205,67.9,94.5,.387,.345,.486,46.4,47.2,10.0,12.9,.452,17.6,32.6,.248
Hartford,31,9,22,.290,-13.41,-6.19,7,9,4,8,4,12,1860,2084,65.6,90.0,.308,.466,.514,41.7,62.1,9.9,6.1,.486,20.9,21.7,.205
Harvard,31,26,5,.839,7.84,-1.56,12,2,11,1,12,3,2033,1724,60.9,107.3,.411,.348,.571,51.3,57.7,9.7,12.1,.529,17.5,30.3,.307
Hawaii,32,16,16,.500,-2.79,-0.52,6,8,8,7,3,7,2356,2387,70.7,102.9,.434,.277,.539,49.2,56.9,7.9,7.9,.506,18.2,34.7,.289
High Point,31,13,18,.419,-5.92,-4.13,8,10,10,6,3,12,2203,2176,65.1,107.4,.385,.386,.548,46.2,52.1,8.5,8.3,.517,16.1,31.8,.264
Hofstra,32,10,22,.313,-2.98,-1.10,3,15,8,9,1,11,2091,2151,66.9,97.7,.431,.269,.501,47.3,55.6,11.4,7.5,.449,17.5,33.5,.309
Holy Cross,29,15,14,.517,-6.02,-4.23,9,5,11,3,4,11,1886,1938,66.1,98.3,.332,.312,.521,48.0,54.5,8.7,12.0,.483,17.9,30.0,.239
Houston Baptist,30,10,20,.333,-16.07,-6.10,3,7,9,5,0,13,2208,2344,74.4,98.0,.378,.258,.503,45.5,47.4,10.0,4.2,.464,17.6,33.6,.259
Houston,30,15,15,.500,0.04,0.21,7,9,13,5,1,8,2152,2147,67.7,104.7,.330,.271,.543,49.9,50.1,7.6,11.8,.512,18.0,35.2,.232
Howard,31,10,21,.323,-14.59,-4.16,6,10,6,5,3,14,1881,2174,67.8,89.1,.461,.272,.478,47.4,45.8,9.0,8.7,.427,21.3,35.0,.313
Idaho State,30,9,21,.300,-11.05,-2.77,7,9,5,8,4,13,1979,2192,65.9,97.7,.350,.340,.513,43.6,51.7,10.4,6.8,.479,17.9,30.9,.240
Idaho,33,19,14,.576,0.77,-0.43,9,5,11,4,8,8,2298,2240,64.3,107.5,.412,.324,.568,49.5,60.2,7.2,10.9,.540,17.9,32.5,.277
Illinois-Chicago,30,8,22,.267,-9.16,-1.30,3,15,7,7,1,15,1826,2033,64.1,94.2,.335,.368,.489,47.0,53.6,7.7,7.9,.455,19.0,34.0,.224
Illinois State,35,21,14,.600,6.33,2.64,9,9,14,3,4,9,2439,2310,64.4,106.2,.386,.427,.562,49.3,57.1,7.7,9.4,.520,16.3,27.7,.291
Illinois,32,17,15,.531,9.33,7.99,6,12,13,4,2,8,2098,2055,64.5,100.5,.304,.351,.527,48.7,52.2,7.8,11.9,.494,17.8,31.3,.217
Indiana State,33,18,15,.545,2.08,3.08,8,10,11,4,4,9,2120,2141,64.4,98.6,.383,.342,.522,47.0,55.0,9.0,8.6,.478,16.6,26.3,.276
Indiana,36,27,9,.750,18.63,7.80,11,7,18,1,5,6,2782,2392,66.9,115.5,.445,.275,.596,50.8,51.3,9.7,8.5,.552,16.5,35.3,.340
Iona,33,25,8,.758,8.36,-1.82,15,3,10,1,11,4,2736,2400,71.4,114.8,.303,.323,.588,48.1,62.5,10.1,5.5,.565,15.1,32.1,.216
Iowa State,34,23,11,.676,13.32,7.32,12,6,16,2,4,7,2490,2286,67.5,108.5,.387,.416,.557,51.8,57.1,8.5,7.1,.526,15.8,32.3,.266
Iowa,35,18,17,.514,7.04,6.53,8,10,14,6,3,9,2555,2537,68.2,107.0,.385,.272,.544,48.1,57.8,11.0,9.3,.505,15.6,32.9,.277
Fort Wayne,30,11,19,.367,-8.79,-2.05,5,13,8,5,3,13,2100,2242,69.7,100.1,.371,.297,.533,48.3,54.2,9.0,6.8,.500,18.0,31.0,.253
IUPUI,32,14,18,.438,-3.85,-1.75,7,11,9,5,3,12,2319,2329,66.4,107.8,.345,.284,.539,46.9,45.8,10.1,7.6,.493,15.0,34.7,.268
Jackson State,31,7,24,.226,-17.50,-7.00,5,13,4,7,2,16,1737,2042,63.3,87.2,.334,.251,.462,45.9,41.7,11.2,9.1,.422,20.2,33.7,.227
Jacksonville State,33,15,18,.455,-4.86,-5.23,8,8,9,4,3,10,2143,2106,65.1,99.0,.421,.303,.507,46.7,53.3,11.2,10.5,.466,17.3,33.5,.286
Jacksonville,30,8,22,.267,-7.30,0.10,6,12,5,6,3,15,1951,2173,66.8,96.5,.350,.281,.495,47.7,51.4,10.9,9.9,.463,18.6,36.3,.230
James Madison,32,12,20,.375,-5.86,-2.11,5,13,5,9,5,9,2115,2235,66.2,99.1,.314,.381,.519,43.4,57.2,10.0,6.8,.492,16.9,29.1,.209
Kansas State,33,22,11,.667,14.47,7.53,10,8,11,4,6,4,2343,2114,67.0,104.8,.432,.295,.526,51.3,57.6,8.9,13.0,.489,17.5,40.7,.290
Kansas,39,32,7,.821,21.72,9.93,16,2,16,0,8,2,2867,2407,67.3,108.8,.398,.296,.556,52.1,57.4,10.8,15.0,.523,16.4,34.9,.275
Kennesaw State,31,3,28,.097,-15.02,-0.49,0,18,1,11,1,16,1920,2330,64.4,94.3,.319,.363,.501,42.6,54.1,9.4,5.1,.477,18.3,28.7,.199
Kent State,33,21,12,.636,2.77,-0.95,10,6,12,3,7,7,2322,2178,67.6,103.6,.365,.315,.539,47.1,58.7,12.5,10.4,.507,17.7,33.7,.252
Kentucky,40,38,2,.950,24.73,7.93,16,0,18,0,8,1,3095,2423,66.4,116.5,.417,.265,.575,52.9,48.4,9.1,20.4,.538,14.2,37.1,.302
La Salle,34,21,13,.618,8.56,1.83,9,7,14,3,6,8,2478,2249,68.6,105.4,.298,.337,.560,44.4,55.2,11.7,8.1,.532,16.7,27.3,.215
Lafayette,31,13,18,.419,-7.20,-4.01,7,7,6,7,7,11,2161,2260,66.5,104.8,.343,.445,.563,42.6,53.3,7.9,7.0,.524,16.9,23.8,.262
Lamar,35,23,12,.657,2.41,-3.77,11,5,12,2,8,9,2573,2296,68.7,106.6,.410,.218,.516,51.7,49.7,11.7,10.5,.469,14.4,37.8,.295
Lehigh,35,27,8,.771,4.27,-5.14,11,3,12,1,12,6,2648,2288,68.1,110.3,.378,.358,.553,47.9,50.6,11.2,8.0,.507,14.0,31.7,.291
Liberty,32,14,18,.438,-9.67,-4.81,9,9,9,7,5,9,2201,2283,66.4,103.2,.356,.221,.526,48.5,54.1,7.9,6.4,.488,15.6,32.7,.254
Lipscomb,31,13,18,.419,-4.70,-1.23,8,10,6,7,5,11,2242,2303,71.1,100.1,.342,.344,.521,45.2,54.6,10.0,7.0,.496,17.8,31.2,.218
Long Beach State,34,25,9,.735,9.52,0.87,15,1,12,0,8,7,2510,2175,67.2,109.1,.420,.329,.556,50.7,54.1,10.5,7.1,.527,16.3,34.7,.281
Long Island University,34,25,9,.735,-1.34,-5.10,16,2,15,0,7,8,2769,2641,74.8,108.5,.497,.312,.577,48.6,54.3,8.1,6.7,.532,18.5,34.2,.363
Longwood,31,10,21,.323,-20.47,-5.99,0,0,7,5,2,14,2276,2617,73.1,100.0,.279,.398,.528,43.9,58.2,7.2,5.6,.503,16.0,24.9,.188
Louisiana,32,16,16,.500,-3.25,-2.28,10,6,10,5,5,9,2189,2155,70.0,95.9,.428,.293,.508,50.0,48.2,8.2,11.3,.477,19.5,33.5,.270
Louisiana-Monroe,29,3,26,.103,-12.56,-0.95,2,14,0,13,3,13,1750,2078,64.5,93.2,.284,.332,.496,43.9,52.0,8.4,6.9,.470,17.6,26.4,.185
Louisiana State,33,18,15,.545,6.66,5.51,7,9,11,4,4,9,2157,2119,66.2,97.3,.299,.272,.485,48.2,52.5,10.5,10.4,.451,16.2,34.6,.206
Louisiana Tech,34,18,16,.529,-2.65,-1.19,6,8,11,4,4,10,2358,2355,68.2,100.2,.308,.386,.511,45.2,51.9,9.8,9.3,.486,16.1,31.3,.200
Louisville,40,30,10,.750,16.19,9.02,10,8,16,4,6,5,2727,2440,67.0,100.5,.362,.321,.510,49.7,55.2,13.0,12.8,.473,17.4,35.7,.249
Loyola (IL),30,7,23,.233,-8.43,-1.77,1,17,4,9,3,14,1717,1887,60.5,93.5,.372,.260,.502,47.4,60.1,7.4,4.2,.462,20.2,32.4,.259
Loyola Marymount,34,21,13,.618,2.20,1.17,11,5,12,8,9,4,2402,2301,67.9,102.5,.372,.330,.527,47.5,49.0,10.8,8.1,.483,16.9,32.9,.274
Loyola (MD),33,24,9,.727,0.37,-2.72,13,5,10,2,11,6,2222,2120,65.3,103.1,.429,.273,.520,49.6,52.1,11.8,11.7,.472,17.2,38.1,.309
Maine,29,12,17,.414,-8.57,-6.54,6,10,7,6,5,10,1989,1982,66.8,101.3,.258,.305,.522,46.0,54.4,9.1,10.6,.492,16.6,30.9,.189
Manhattan,34,21,13,.618,1.46,-4.13,12,6,9,4,10,8,2420,2230,68.3,103.5,.402,.362,.545,50.0,61.1,11.5,14.3,.502,19.8,36.4,.293
Marist,32,14,18,.438,-8.20,-3.29,7,11,10,4,2,12,2176,2333,68.8,98.1,.424,.328,.523,46.0,53.4,8.4,10.3,.475,18.8,31.1,.306
Marquette,35,27,8,.771,16.92,7.50,14,4,15,1,6,5,2638,2308,70.7,106.6,.409,.293,.543,47.4,63.1,12.3,8.8,.501,16.0,33.9,.295
Marshall,35,21,14,.600,7.00,4.94,9,7,13,3,5,9,2472,2383,65.7,105.7,.380,.316,.510,52.6,49.6,9.1,9.6,.486,15.9,41.0,.233
Maryland-Baltimore County,30,4,26,.133,-19.85,-6.02,3,13,1,11,3,14,1897,2312,68.9,90.7,.322,.292,.469,44.9,45.0,8.4,4.9,.435,17.8,31.7,.213
Maryland-Eastern Shore,30,7,23,.233,-16.79,-4.72,4,12,5,6,2,14,1785,2109,68.0,86.8,.317,.327,.458,48.0,49.2,8.7,8.2,.425,21.1,35.6,.202
Maryland,32,17,15,.531,3.95,5.98,6,10,13,4,1,7,2198,2263,66.9,101.4,.465,.292,.515,49.3,45.6,6.3,10.7,.475,16.6,34.3,.309
Massachusetts,37,25,12,.676,7.49,2.97,9,7,15,1,7,7,2847,2680,73.9,102.8,.334,.352,.525,47.3,55.6,11.8,12.0,.496,16.8,34.5,.225
McNeese State,33,17,16,.515,-6.26,-3.76,10,6,9,4,6,11,2207,2185,66.5,100.3,.331,.283,.501,48.9,43.4,10.1,9.9,.468,15.4,33.9,.224
Memphis,35,26,9,.743,16.86,5.26,13,3,18,2,7,4,2614,2208,67.1,110.1,.413,.269,.575,48.7,54.1,11.7,14.6,.540,16.3,31.3,.296
Mercer,38,27,11,.711,3.75,-1.44,13,5,15,3,12,8,2589,2388,65.4,103.5,.373,.371,.559,48.7,57.7,10.4,13.6,.524,19.6,33.5,.268
Miami (FL),33,20,13,.606,10.75,6.17,9,7,14,4,4,8,2332,2181,65.0,106.2,.333,.378,.533,47.5,48.2,9.6,9.8,.497,14.9,32.5,.240
Miami (OH),30,9,21,.300,-2.07,1.93,5,11,7,7,2,13,1821,1927,60.9,98.9,.315,.421,.538,46.0,54.9,9.0,6.8,.509,19.4,27.6,.219
Michigan State,37,29,8,.784,21.32,9.82,13,5,17,1,7,4,2651,2195,65.1,109.7,.377,.276,.559,54.1,59.0,11.0,12.4,.527,16.7,36.1,.264
Michigan,34,24,10,.706,13.19,8.98,13,5,15,1,5,6,2255,2090,61.2,107.2,.283,.443,.559,47.3,53.3,8.0,6.1,.532,15.5,28.0,.204
Middle Tennessee,34,27,7,.794,8.69,-0.13,14,2,15,2,11,4,2459,2128,66.5,107.9,.470,.250,.564,49.8,59.5,10.4,12.0,.541,17.8,35.0,.299
Milwaukee,34,20,14,.588,0.53,0.06,11,7,13,3,7,10,2183,2126,65.1,98.3,.386,.426,.515,47.8,57.0,9.4,6.7,.491,18.1,31.9,.236
Minnesota,38,23,15,.605,10.70,7.89,6,12,13,6,6,6,2569,2462,63.3,104.4,.389,.289,.548,50.0,62.6,10.9,14.1,.514,19.2,36.4,.271
Mississippi State,33,21,12,.636,9.13,4.86,8,8,15,4,3,6,2377,2236,65.4,107.6,.327,.347,.547,50.1,51.6,9.0,8.5,.516,15.4,31.6,.232
Mississippi Valley State,34,21,13,.618,-8.03,-7.65,17,1,9,0,8,11,2332,2345,70.0,96.9,.350,.384,.494,47.4,55.5,12.5,7.0,.463,17.8,33.9,.225
Mississippi,34,20,14,.588,6.53,5.80,8,8,12,3,4,8,2275,2250,66.3,98.4,.425,.248,.499,49.7,46.3,9.7,14.4,.472,17.5,35.8,.256
Missouri-Kansas City,31,10,21,.323,-8.82,-1.75,4,14,6,8,2,13,1998,2204,64.5,99.2,.305,.419,.538,42.2,54.4,9.4,6.2,.510,18.2,26.0,.212
Missouri State,32,16,16,.500,6.15,3.92,9,9,8,7,8,6,2110,2015,63.2,102.3,.290,.309,.521,48.8,55.9,7.2,6.1,.488,14.3,27.7,.209
Missouri,35,30,5,.857,19.77,5.68,14,4,16,1,7,3,2814,2321,66.4,120.7,.375,.379,.614,48.0,57.7,12.2,7.2,.580,13.5,30.4,.287
Monmouth,32,12,20,.375,-11.93,-3.18,10,8,7,5,5,12,2140,2420,69.6,95.4,.325,.314,.500,40.7,56.8,11.3,4.6,.471,17.3,29.6,.211
Montana State,29,12,17,.414,-10.29,-4.62,7,9,7,6,5,11,2030,2088,68.2,101.7,.358,.339,.520,46.8,53.3,9.7,10.7,.484,16.9,31.9,.248
Montana,32,25,7,.781,4.55,-3.39,15,1,16,2,9,4,2239,1985,66.1,105.4,.398,.310,.557,47.0,55.8,10.8,9.7,.520,16.6,28.3,.285
Morehead State,33,18,15,.545,-4.99,-3.83,10,6,9,4,6,9,2070,2018,62.0,101.3,.375,.370,.542,49.7,56.2,13.8,4.8,.499,20.5,36.4,.279
Morgan State,29,9,20,.310,-8.41,-5.54,6,10,4,7,5,10,1934,2017,67.5,97.9,.410,.300,.514,46.5,50.4,9.7,11.8,.476,19.4,34.9,.278
Mount St. Mary's,29,8,21,.276,-11.72,-4.90,6,12,4,9,4,12,1748,1946,64.4,92.4,.300,.329,.502,47.5,51.3,9.4,9.5,.476,21.6,34.7,.193
Murray State,33,31,2,.939,8.74,-2.60,15,1,13,1,13,0,2412,2001,66.1,109.8,.439,.349,.576,49.2,51.5,12.6,11.0,.537,18.0,34.9,.318
Navy,29,3,26,.103,-14.60,-4.74,0,14,2,11,1,15,1678,1920,61.9,92.1,.333,.382,.495,46.2,55.7,12.0,6.2,.459,20.0,31.3,.227
Nebraska,30,12,18,.400,3.52,8.25,4,14,9,8,3,9,1827,1969,62.1,97.2,.287,.394,.528,46.6,58.7,10.5,8.3,.490,18.7,27.5,.220
Nevada-Las Vegas,35,26,9,.743,13.55,4.37,9,5,17,0,5,7,2671,2307,69.3,108.2,.356,.387,.554,50.2,65.4,12.1,12.5,.527,16.2,32.8,.241
Nevada,35,28,7,.800,4.54,-0.37,13,1,16,2,10,3,2461,2277,65.7,105.5,.445,.343,.543,50.3,53.4,8.4,12.7,.513,17.5,34.9,.289
New Hampshire,29,13,16,.448,-10.09,-7.66,7,9,9,6,4,9,1774,1821,65.0,94.1,.342,.399,.493,46.1,46.0,8.1,6.2,.469,17.4,28.7,.208
New Mexico State,36,26,10,.722,8.73,0.08,10,4,14,3,7,5,2812,2459,70.7,110.1,.517,.247,.552,54.6,51.3,9.5,10.8,.515,17.3,41.1,.346
New Mexico,35,28,7,.800,15.60,3.34,10,4,14,2,7,3,2545,2076,66.3,109.3,.394,.368,.565,52.7,65.4,10.3,9.6,.531,17.2,34.7,.279
Niagara,33,14,19,.424,-6.67,-2.86,8,10,7,7,5,10,2322,2448,68.4,102.1,.370,.393,.509,44.3,50.1,12.0,8.9,.469,15.6,33.6,.259
Nicholls State,30,10,20,.333,-18.55,-3.94,6,10,5,6,3,12,1989,2338,68.7,96.1,.371,.387,.523,41.3,52.6,7.8,4.9,.491,19.2,27.3,.249
NJIT,32,15,17,.469,-12.09,-8.27,5,5,11,4,2,12,2236,2175,67.8,101.5,.309,.393,.524,47.0,52.5,10.5,8.8,.492,15.9,29.6,.217
Norfolk State,36,26,10,.722,-3.68,-5.39,13,3,10,4,10,4,2482,2416,68.4,99.8,.419,.321,.523,48.9,49.5,9.6,12.3,.490,18.5,34.2,.275
North Carolina-Asheville,34,24,10,.706,3.06,-2.72,16,2,15,2,8,5,2745,2426,70.5,114.0,.468,.330,.589,49.1,61.5,11.8,6.9,.541,16.4,34.4,.358
North Carolina A&T,32,12,20,.375,-12.34,-5.89,7,9,8,5,4,13,2236,2326,71.3,96.9,.377,.360,.512,44.5,52.6,10.2,9.9,.481,18.7,31.2,.246
North Carolina Central,32,17,15,.531,-6.12,-6.98,10,6,8,3,6,11,2263,2020,67.8,104.3,.454,.328,.566,47.4,58.3,12.1,10.9,.528,19.6,31.4,.321
North Carolina-Greensboro,32,13,19,.406,-9.67,-1.96,10,8,7,5,4,13,2231,2457,71.6,96.7,.318,.335,.494,46.3,46.9,10.4,7.4,.460,17.7,35.2,.218
North Carolina State,37,24,13,.649,12.10,6.80,9,7,13,6,5,4,2697,2501,67.7,107.3,.363,.261,.539,51.0,59.1,9.9,10.5,.504,15.8,35.8,.255
North Carolina-Wilmington,31,10,21,.323,-5.50,0.18,5,13,5,8,4,12,2013,2189,66.7,97.3,.333,.305,.499,48.7,51.2,8.4,10.1,.465,17.5,33.5,.226
North Carolina,38,32,6,.842,21.34,7.07,14,2,17,1,8,2,3091,2549,72.8,111.3,.373,.235,.531,54.8,58.1,9.3,14.0,.498,13.3,39.1,.254
North Dakota State,31,17,14,.548,0.01,-2.50,9,9,10,4,5,9,2267,2119,66.4,109.2,.385,.322,.581,49.0,52.3,9.2,9.1,.549,16.4,27.6,.278
North Dakota,32,17,15,.531,-8.76,-6.33,6,4,13,1,2,14,2153,2141,68.2,98.2,.394,.354,.527,47.7,52.6,9.4,11.6,.501,18.5,28.4,.249
North Florida,32,16,16,.500,-3.44,-0.05,10,8,11,3,5,12,2168,2266,67.1,99.4,.375,.326,.535,47.9,49.8,8.5,7.8,.516,19.6,33.2,.228
North Texas,32,18,14,.563,-0.39,-2.56,9,7,10,4,5,8,2250,2080,68.7,100.3,.339,.263,.514,50.7,47.1,8.9,10.5,.476,17.5,34.3,.241
Northeastern,31,14,17,.452,-3.27,-0.40,9,9,7,5,6,11,1941,2030,64.3,96.6,.379,.307,.521,47.1,54.6,12.2,10.7,.482,20.6,34.1,.266
Northern Arizona,29,5,24,.172,-16.72,-3.53,1,15,4,9,1,12,1804,2068,66.1,93.7,.290,.297,.489,46.3,61.6,9.9,5.8,.456,18.9,32.9,.201
Northern Colorado,28,9,19,.321,-6.23,-2.19,5,11,5,9,2,10,2026,2112,67.0,106.1,.422,.308,.580,51.0,49.9,8.1,7.5,.549,20.7,34.2,.295
Northern Illinois,31,5,26,.161,-15.62,-1.79,3,13,4,11,1,14,1716,2096,63.1,87.8,.319,.365,.465,49.3,51.2,8.0,7.9,.429,21.2,35.3,.214
Northern Iowa,34,20,14,.588,6.99,4.74,9,9,13,3,5,10,2216,2106,62.9,103.6,.345,.394,.543,47.5,50.9,9.5,5.4,.507,15.3,24.6,.252
Northwestern State,32,16,16,.500,-6.29,-4.15,8,8,11,3,5,11,2259,2239,71.0,98.3,.431,.337,.506,45.3,52.1,12.2,14.8,.478,17.4,33.1,.263
Northwestern,33,19,14,.576,8.87,7.84,8,10,12,5,4,8,2286,2252,62.8,109.1,.338,.440,.562,41.7,64.8,10.5,10.5,.535,14.1,26.3,.233
Notre Dame,34,22,12,.647,11.18,6.47,13,5,16,1,5,5,2257,2097,61.6,106.3,.374,.369,.532,47.4,63.6,8.3,8.3,.495,13.9,30.5,.263
Oakland,36,20,16,.556,0.29,-0.54,11,7,12,5,8,9,2875,2831,70.1,112.8,.417,.425,.570,47.4,50.3,9.1,5.4,.530,14.6,31.4,.307
Ohio State,39,31,8,.795,23.95,9.07,13,5,17,2,7,4,2913,2333,66.9,111.6,.381,.269,.556,53.7,53.7,10.8,9.3,.521,14.6,34.9,.270
Ohio,37,29,8,.784,7.17,0.17,11,5,16,1,8,6,2597,2311,66.8,104.4,.355,.384,.527,46.7,54.2,14.0,8.5,.494,16.3,33.9,.245
Oklahoma State,33,15,18,.455,7.02,8.95,7,11,11,4,2,8,2209,2249,66.3,99.9,.390,.360,.531,43.8,50.4,9.7,10.8,.485,16.0,24.0,.288
Oklahoma,31,15,16,.484,7.28,6.67,5,13,11,5,1,8,2142,2123,67.2,102.4,.311,.219,.511,50.3,54.3,9.3,9.0,.473,15.9,36.2,.226
Old Dominion,36,22,14,.611,4.08,0.36,13,5,12,7,8,4,2368,2234,65.1,99.0,.368,.311,.484,52.1,54.0,13.2,13.8,.455,16.8,39.8,.227
Oral Roberts,34,27,7,.794,5.24,-1.50,17,1,15,1,10,4,2467,2238,64.1,111.9,.418,.284,.576,50.4,53.1,10.1,7.3,.535,16.9,35.0,.312
Oregon State,36,21,15,.583,8.84,3.38,7,11,14,6,4,7,2841,2617,70.9,109.1,.445,.294,.560,48.2,57.0,12.6,11.6,.528,16.7,33.8,.301
Oregon,34,24,10,.706,10.19,4.72,13,5,17,3,7,5,2527,2341,67.9,109.5,.385,.349,.567,49.1,54.9,8.8,8.8,.534,16.4,33.1,.273
Pacific,30,11,19,.367,-8.04,-2.61,6,10,8,7,3,11,1888,2022,63.2,98.7,.365,.392,.506,44.5,58.4,8.1,5.8,.468,16.2,29.8,.251
Penn State,32,12,20,.375,3.72,7.75,4,14,10,7,1,10,1977,2106,63.6,97.1,.318,.366,.485,49.3,49.5,10.7,8.9,.449,16.1,34.4,.218
Pennsylvania,33,20,13,.606,1.12,-0.10,11,3,12,7,8,5,2146,2106,63.2,101.7,.296,.368,.543,44.7,58.3,11.4,7.6,.512,17.3,27.0,.216
Pepperdine,29,10,19,.345,-7.40,-0.23,4,12,6,7,4,10,1719,1911,62.9,93.9,.368,.298,.480,49.4,59.4,7.4,8.5,.443,18.0,34.1,.242
Pittsburgh,39,22,17,.564,9.43,5.89,5,13,15,7,5,9,2692,2554,62.6,109.9,.319,.327,.540,52.6,60.4,7.5,7.4,.510,16.6,41.0,.223
Portland State,32,17,15,.531,-4.04,-4.07,10,6,10,3,5,11,2438,2345,68.6,110.6,.435,.303,.577,49.8,43.7,7.7,6.8,.536,16.9,33.0,.320
Portland,31,7,24,.226,-7.88,3.82,3,13,3,9,1,14,2018,2357,68.2,95.0,.338,.300,.514,47.2,50.9,6.8,7.3,.475,19.8,31.6,.242
Prairie View,32,14,18,.438,-16.87,-10.29,10,8,8,3,4,11,2016,2101,71.2,88.5,.327,.277,.454,48.3,45.8,11.0,8.8,.436,18.8,34.3,.177
Presbyterian,29,14,15,.483,-6.76,-4.65,8,10,7,8,7,7,1889,1918,62.0,104.6,.395,.346,.558,47.8,48.9,7.3,4.6,.524,18.1,30.4,.278
Princeton,32,20,12,.625,2.57,-1.00,10,4,10,2,9,9,2141,1999,63.4,104.0,.309,.374,.555,48.3,59.9,9.9,9.6,.532,17.0,26.9,.210
Providence,32,15,17,.469,4.16,4.56,4,14,11,6,4,8,2203,2216,65.8,104.2,.394,.248,.514,48.0,56.3,8.0,13.0,.471,15.4,36.1,.277
Purdue,35,22,13,.629,13.88,8.05,10,8,13,4,5,5,2514,2310,64.6,111.2,.341,.373,.536,46.6,52.9,10.0,8.9,.511,11.5,31.8,.224
Quinnipiac,32,18,14,.563,-2.01,-5.80,10,8,9,4,9,9,2271,2150,67.5,104.3,.382,.218,.495,54.4,47.9,7.8,8.9,.462,15.0,42.3,.244
Radford,32,6,26,.188,-13.14,-3.34,2,16,5,11,1,13,1959,2195,66.8,91.6,.310,.362,.469,44.6,49.2,10.9,6.9,.440,17.6,32.4,.197
Rhode Island,31,7,24,.226,-3.78,3.10,4,12,4,11,2,13,2126,2339,67.9,98.6,.343,.314,.484,50.2,46.0,9.3,10.4,.445,17.0,39.0,.237
Rice,35,19,16,.543,1.42,1.10,8,8,12,6,7,7,2438,2322,69.0,100.6,.400,.298,.533,48.7,59.7,10.6,12.0,.498,17.3,27.8,.273
Richmond,32,16,16,.500,4.71,2.90,7,9,11,4,4,11,2207,2149,64.7,106.2,.394,.413,.549,43.7,54.8,9.3,12.3,.501,15.4,27.9,.301
Rider,32,13,19,.406,-5.40,-2.40,10,8,8,5,5,10,2291,2387,68.8,102.9,.408,.381,.560,45.2,57.5,8.6,10.8,.522,19.1,28.2,.294
Robert Morris,37,26,11,.703,0.67,-4.30,13,5,11,3,14,8,2532,2348,64.8,105.2,.427,.338,.521,51.2,58.4,12.8,8.1,.477,17.4,40.3,.299
Rutgers,32,14,18,.438,5.42,5.76,6,12,11,7,2,8,2095,2106,65.8,98.3,.317,.280,.505,47.2,53.3,12.2,11.7,.471,18.6,36.6,.221
Sacramento State,28,10,18,.357,-9.67,-5.71,5,11,6,9,4,9,1875,1936,65.8,101.8,.386,.305,.539,48.7,58.2,7.1,6.4,.503,18.0,31.0,.270
Sacred Heart,32,14,18,.438,-6.87,-5.56,8,10,7,6,5,11,2277,2319,68.3,102.6,.349,.319,.556,47.8,55.3,9.5,8.6,.519,19.3,31.3,.260
Saint Francis (PA),29,6,23,.207,-13.18,-4.42,5,13,5,8,1,15,1763,2017,64.3,94.6,.349,.282,.532,42.7,55.7,10.1,7.6,.506,21.6,27.9,.228
Saint Joseph's,34,20,14,.588,8.25,4.25,9,7,13,4,5,8,2446,2310,66.2,106.8,.363,.334,.560,48.6,56.3,7.1,17.1,.531,16.5,29.8,.251
Saint Louis,34,26,8,.765,15.15,4.06,12,4,15,1,6,5,2336,1960,63.2,108.3,.360,.366,.550,48.4,56.4,10.9,8.0,.515,15.2,31.6,.259
Saint Mary's (CA),33,27,6,.818,11.26,0.78,14,2,16,1,8,3,2467,2068,64.8,115.0,.385,.394,.576,54.2,60.7,10.6,7.8,.541,15.2,35.9,.281
Saint Peter's,31,5,26,.161,-13.37,-2.44,4,14,3,10,2,13,1799,2138,65.7,88.3,.290,.297,.480,43.3,58.4,11.6,10.4,.453,20.5,30.1,.188
Sam Houston State,32,13,19,.406,-9.09,-3.20,7,9,8,7,5,9,1875,1941,64.5,90.5,.436,.317,.492,49.2,62.1,8.9,6.7,.463,20.5,31.1,.261
Samford,30,11,19,.367,-8.68,-2.96,8,10,7,8,4,10,1984,2092,63.9,102.7,.298,.461,.542,45.0,58.8,8.3,6.5,.521,17.4,29.1,.195
San Diego State,34,26,8,.765,9.04,3.79,10,4,17,2,7,4,2416,2166,66.6,105.1,.369,.304,.540,51.1,48.3,8.2,6.4,.505,16.0,31.5,.259
San Diego,31,13,18,.419,-3.76,0.87,7,9,6,8,4,7,2079,2179,67.3,99.3,.363,.333,.538,44.5,56.6,9.9,8.8,.512,18.0,26.7,.238
San Francisco,34,20,14,.588,1.90,-0.17,8,8,12,5,5,6,2563,2413,69.5,107.8,.384,.351,.558,48.8,51.9,12.0,5.3,.528,16.1,30.4,.264
San Jose State,31,9,22,.290,-7.86,-1.19,1,13,6,8,2,13,2099,2261,65.7,100.6,.324,.387,.503,44.8,58.2,7.2,3.3,.459,14.0,29.9,.241
Santa Clara,30,8,22,.267,-6.79,0.96,0,16,6,9,0,11,2085,2245,67.2,102.6,.332,.375,.514,45.6,53.6,7.4,8.6,.478,14.6,30.6,.235
Savannah State,33,21,12,.636,-3.59,-5.92,14,2,14,1,6,10,2089,1949,65.0,97.1,.384,.327,.493,50.9,56.6,10.7,9.4,.470,18.7,38.5,.226
Seattle,27,12,15,.444,-4.18,-2.76,0,0,9,6,2,9,2065,2025,75.4,101.0,.253,.323,.514,49.9,47.9,11.1,8.8,.488,17.1,34.3,.176
Seton Hall,34,21,13,.618,10.23,5.70,8,10,14,4,4,7,2324,2170,66.0,102.4,.327,.349,.526,49.0,57.1,12.5,8.9,.497,16.3,32.2,.221
Siena,31,14,17,.452,-5.71,-2.94,8,10,10,4,3,10,1975,2061,65.9,96.2,.341,.281,.502,48.7,54.5,8.8,9.1,.467,18.2,33.2,.232
South Alabama,29,17,12,.586,-2.81,-1.98,8,8,9,5,6,6,1935,1947,65.7,100.2,.387,.249,.509,53.0,47.4,7.4,12.8,.467,19.8,42.9,.271
South Carolina State,31,5,26,.161,-20.80,-6.11,0,16,4,9,1,16,2001,2391,69.6,92.0,.351,.273,.469,46.4,45.4,8.8,10.2,.433,18.7,36.3,.228
South Carolina Upstate,34,21,13,.618,-0.16,-1.60,13,5,13,1,7,10,2426,2321,69.1,102.8,.343,.304,.515,51.0,49.5,12.1,11.9,.490,17.9,39.9,.219
South Carolina,31,10,21,.323,2.65,6.27,2,14,9,9,1,9,1903,2015,62.2,98.3,.267,.365,.493,46.0,44.8,11.0,14.7,.462,17.0,36.1,.187
South Dakota State,35,27,8,.771,7.34,-1.87,15,3,14,0,8,7,2689,2329,66.1,114.9,.399,.371,.576,48.9,54.5,10.1,4.9,.540,13.7,31.2,.290
South Dakota,28,10,18,.357,-9.56,-2.88,5,13,7,7,3,11,1982,2101,69.2,101.4,.336,.339,.542,45.1,56.2,9.4,8.7,.511,16.6,25.3,.235
South Florida,36,22,14,.611,9.20,7.29,12,6,14,2,5,8,2134,2037,59.7,98.6,.338,.303,.521,50.5,54.8,9.2,10.8,.485,19.1,34.2,.239
Southeast Missouri State,31,15,16,.484,-6.12,-5.33,9,7,10,4,4,11,2192,2170,65.8,107.1,.343,.284,.547,49.2,56.4,7.6,8.9,.528,16.8,34.0,.216
Southeastern Louisiana,29,12,17,.414,-11.94,-6.44,5,11,11,4,1,13,1738,1795,65.4,90.0,.390,.278,.479,48.8,51.0,9.3,9.1,.453,19.7,32.4,.230
Southern California,32,6,26,.188,-0.51,6.58,1,17,4,13,1,11,1683,1910,60.8,85.8,.268,.283,.450,40.5,47.5,9.4,5.9,.426,15.4,23.7,.164
SIU Edwardsville,27,10,17,.370,-13.30,-5.50,6,10,7,6,3,9,1775,1924,67.9,96.7,.367,.323,.533,45.3,52.7,8.3,5.8,.505,19.9,28.0,.240
Southern Illinois,31,8,23,.258,-3.51,3.12,5,13,6,8,2,11,1944,2144,66.0,94.2,.357,.279,.486,46.8,51.2,11.1,9.6,.454,17.9,32.9,.229
Southern Methodist,32,13,19,.406,-1.26,1.34,4,12,9,5,3,9,1909,1922,60.3,97.4,.358,.473,.530,43.2,59.2,11.3,8.0,.500,18.3,24.9,.241
Southern Mississippi,34,25,9,.735,7.79,3.61,11,5,15,0,7,6,2426,2212,64.5,107.9,.394,.304,.517,50.9,45.7,9.1,8.1,.469,13.8,37.2,.290
Southern Utah,31,14,17,.452,-6.22,-3.18,8,10,7,6,4,10,2038,2106,64.6,100.6,.387,.173,.540,49.3,58.7,8.3,6.7,.499,18.6,32.2,.280
Southern,31,17,14,.548,-16.17,-11.35,13,5,9,2,6,10,1879,1981,66.0,90.7,.378,.287,.496,42.9,51.9,8.8,9.0,.455,18.7,24.4,.259
St. Bonaventure,32,20,12,.625,8.25,2.84,10,6,11,2,6,8,2254,2081,65.0,107.0,.421,.299,.557,51.8,57.7,8.8,11.5,.508,17.8,35.5,.320
St. Francis (NY),30,15,15,.500,-6.02,-6.75,12,6,8,4,7,10,2084,2062,70.1,98.7,.350,.399,.530,48.6,53.9,9.7,6.3,.502,19.8,32.6,.232
St. John's (NY),32,13,19,.406,2.63,6.98,6,12,11,7,2,10,2129,2268,67.3,98.5,.395,.256,.497,44.6,45.6,11.8,10.0,.456,17.5,35.7,.269
Stanford,37,26,11,.703,12.64,3.99,10,8,17,3,5,6,2657,2337,67.6,104.5,.377,.316,.535,50.5,50.6,9.7,9.2,.505,17.1,34.9,.251
Stephen F. Austin,32,20,12,.625,-1.46,-5.67,12,4,12,3,7,6,1970,1741,61.8,98.9,.401,.239,.511,53.4,61.0,11.5,8.7,.481,18.5,36.9,.254
Stetson,29,9,20,.310,-7.48,-0.66,6,12,6,6,3,12,2089,2275,72.0,98.8,.343,.402,.541,48.1,59.3,8.9,6.6,.510,21.0,33.5,.239
Stony Brook,32,22,10,.688,-0.45,-6.22,14,2,13,1,7,8,2125,1892,62.5,105.8,.313,.336,.514,53.6,46.0,8.8,5.4,.482,16.0,39.8,.217
Syracuse,37,34,3,.919,21.12,8.02,17,1,19,0,9,1,2742,2257,65.2,113.3,.329,.310,.550,46.7,56.1,14.0,19.4,.521,13.5,36.3,.230
Temple,32,24,8,.750,10.44,4.94,13,3,10,1,10,4,2401,2225,67.6,108.8,.342,.313,.563,48.4,57.3,10.4,10.1,.531,15.8,31.5,.246
Tennessee-Martin,31,4,27,.129,-17.09,-3.15,0,16,2,12,2,15,1943,2327,66.2,93.5,.349,.257,.491,45.6,57.5,9.0,6.0,.450,19.5,33.8,.245
Tennessee State,33,20,13,.606,-3.06,-2.73,11,5,11,2,7,9,2250,2199,66.6,100.5,.409,.331,.532,49.3,53.6,11.1,10.2,.494,19.6,35.2,.282
Tennessee Tech,33,19,14,.576,-3.81,-3.06,9,7,9,5,7,8,2365,2357,68.6,103.7,.428,.288,.555,49.2,54.7,9.9,6.4,.515,19.0,33.9,.305
Tennessee,34,19,15,.559,9.49,6.58,10,6,15,4,4,8,2338,2216,65.3,103.4,.378,.351,.536,50.3,53.9,8.5,10.9,.500,17.6,33.1,.266
Texas A&M-Corpus Christi,30,6,24,.200,-12.21,-3.04,4,12,3,9,3,13,1755,2030,66.0,87.9,.379,.291,.470,45.1,55.3,8.6,10.1,.440,19.6,29.7,.227
Texas A&M,32,14,18,.438,5.57,6.54,4,14,11,7,1,8,1956,1968,63.3,96.2,.296,.290,.506,48.8,51.2,9.0,6.5,.480,18.7,32.1,.195
Texas-Arlington,33,24,9,.727,3.35,-5.09,15,1,12,1,9,7,2537,2232,72.2,106.1,.471,.343,.550,51.5,52.5,10.9,11.1,.508,18.7,36.9,.331
Texas Christian,33,18,15,.545,1.72,3.44,7,7,14,3,3,9,2382,2379,68.9,102.8,.388,.355,.534,47.2,54.3,9.8,6.4,.498,16.9,30.5,.268
Texas-El Paso,32,15,17,.469,2.92,2.85,7,9,11,5,1,11,2021,2019,62.2,99.1,.390,.266,.537,47.3,61.5,7.4,7.8,.503,18.6,28.0,.266
Texas-Rio Grande Valley,32,11,21,.344,-13.66,-4.44,5,5,10,5,1,15,1993,2194,66.5,93.6,.356,.387,.523,43.5,62.5,7.7,5.1,.486,20.5,25.6,.251
Texas-San Antonio,32,18,14,.563,-1.83,-4.40,10,6,8,5,8,8,2339,2168,68.3,105.0,.365,.389,.562,45.9,54.6,11.8,9.4,.523,17.5,28.3,.271
Texas Southern,33,15,18,.455,-10.26,-8.68,12,6,9,1,4,16,2021,2073,66.2,91.7,.450,.335,.503,47.4,48.4,12.6,12.5,.468,21.8,33.5,.284
Texas State,30,13,17,.433,-8.66,-5.31,5,11,9,5,3,11,2292,2243,74.7,102.2,.347,.369,.534,45.2,52.6,11.0,7.7,.499,17.1,31.4,.247
Texas Tech,31,8,23,.258,-2.61,6.10,1,17,7,8,1,11,1844,2114,65.4,90.6,.401,.271,.527,45.8,53.6,7.9,8.6,.486,23.2,26.8,.282
Texas,34,20,14,.588,14.00,8.12,9,9,15,3,4,7,2470,2270,66.7,108.1,.426,.312,.533,49.6,50.1,10.1,9.7,.485,15.5,38.5,.312
Toledo,36,19,17,.528,-3.35,-3.64,7,9,11,8,5,7,2500,2385,66.2,104.9,.390,.307,.550,47.1,53.8,10.5,6.2,.511,17.7,32.9,.283
Towson,32,1,31,.031,-16.71,1.54,1,17,1,13,0,15,1647,2231,63.3,81.3,.409,.253,.436,49.5,45.0,8.7,12.4,.401,23.5,38.5,.240
Troy,28,10,18,.357,-7.48,-0.85,5,11,6,7,4,10,1996,2122,68.5,103.2,.256,.412,.506,45.7,49.9,9.7,10.1,.481,15.0,35.0,.173
Tulane,31,15,16,.484,-0.12,-1.61,3,13,12,5,2,10,2002,1910,64.3,99.7,.398,.333,.513,47.8,55.0,10.9,9.7,.478,16.8,31.3,.263
Tulsa,31,17,14,.548,5.82,2.85,10,6,10,5,6,6,2093,2001,64.3,102.2,.461,.294,.544,51.9,48.6,7.3,12.7,.507,19.2,33.8,.314
UCLA,33,19,14,.576,10.53,5.28,11,7,10,4,4,7,2263,2063,65.2,105.2,.324,.246,.533,50.4,55.8,12.1,12.8,.507,15.7,33.5,.217
Utah State,37,21,16,.568,3.49,-0.37,8,6,17,5,4,10,2551,2400,63.5,108.2,.406,.300,.567,48.8,55.5,6.2,8.6,.530,16.6,30.5,.292
Utah Valley,33,20,13,.606,-6.53,-7.11,9,1,14,2,5,10,2305,2190,67.3,102.6,.355,.310,.511,50.9,54.1,9.5,9.6,.473,15.6,34.5,.248
Utah,31,6,25,.194,-9.31,5.49,3,15,6,9,0,12,1720,2161,62.6,88.2,.346,.356,.494,42.9,52.8,8.2,7.1,.460,20.0,23.1,.231
Valparaiso,34,22,12,.647,0.61,0.02,14,4,14,3,8,8,2323,2223,65.0,104.4,.434,.400,.573,48.7,59.3,9.2,7.7,.535,19.2,28.2,.310
Vanderbilt,36,25,11,.694,15.71,8.04,10,6,13,5,6,5,2615,2339,65.5,109.7,.401,.412,.572,48.6,51.8,9.0,10.4,.541,16.9,31.6,.280
Vermont,36,24,12,.667,0.98,-5.19,13,3,10,4,10,6,2415,2193,63.2,105.0,.373,.293,.536,50.2,56.0,9.6,6.5,.493,16.5,34.3,.276
Villanova,32,13,19,.406,7.89,7.64,5,13,9,6,2,9,2266,2258,67.5,103.2,.392,.337,.517,50.0,51.7,8.1,8.3,.465,16.9,37.6,.295
Virginia Commonwealth,36,29,7,.806,8.79,0.63,15,3,13,1,10,3,2448,2154,65.2,103.6,.363,.392,.512,46.8,51.7,16.0,10.4,.476,14.7,33.4,.249
VMI,33,17,16,.515,-9.43,-5.16,8,10,13,2,1,13,2631,2660,75.0,105.9,.391,.443,.553,42.8,49.1,11.0,8.6,.515,15.6,27.5,.281
Virginia Tech,33,16,17,.485,8.93,6.21,4,12,11,7,3,8,2147,2057,63.0,102.4,.333,.313,.516,47.3,51.2,8.7,8.9,.477,15.8,33.2,.242
Virginia,32,22,10,.688,12.51,4.23,9,7,13,3,7,4,2000,1735,61.1,101.9,.354,.298,.543,49.9,54.6,10.5,8.2,.507,16.6,27.1,.256
Wagner,31,25,6,.806,3.60,-5.50,15,3,12,3,12,3,2275,1993,68.6,107.0,.390,.320,.543,47.9,51.3,11.5,11.0,.499,16.4,35.5,.290
Wake Forest,31,13,18,.419,-0.75,4.19,4,12,9,7,3,8,2029,2182,66.4,98.5,.409,.309,.527,44.3,52.5,7.9,12.1,.479,17.0,25.8,.301
Washington State,37,19,18,.514,6.17,4.06,7,11,12,4,6,10,2521,2421,63.7,106.6,.440,.339,.568,49.2,58.7,7.5,8.3,.531,17.9,30.9,.312
Washington,35,24,11,.686,10.79,5.27,14,4,18,2,6,5,2646,2453,70.7,106.2,.370,.293,.522,51.4,49.2,9.3,9.7,.498,15.4,38.6,.230
Weber State,32,25,7,.781,1.51,-3.65,14,2,16,0,7,7,2473,2210,67.2,113.6,.368,.405,.586,48.6,51.4,8.2,6.6,.538,13.9,26.9,.299
West Virginia,33,19,14,.576,12.13,7.53,9,9,11,5,4,6,2346,2194,64.8,106.8,.386,.305,.518,52.1,56.9,9.6,6.7,.483,15.7,40.9,.259
Western Carolina,35,17,18,.486,-6.57,-3.42,8,10,9,4,4,12,2503,2459,67.9,103.9,.326,.358,.519,47.6,42.9,11.8,8.5,.486,16.0,35.0,.225
Western Illinois,33,18,15,.545,-2.84,-1.39,9,9,10,4,6,10,2031,1985,60.0,100.7,.331,.271,.540,45.6,56.7,9.9,8.6,.511,16.6,24.7,.227
Western Kentucky,35,16,19,.457,-2.66,0.51,7,9,8,7,3,8,2272,2383,68.4,94.2,.402,.327,.489,48.1,50.1,8.1,10.1,.444,18.7,34.1,.276
Western Michigan,34,14,20,.412,-1.80,0.17,6,10,11,3,2,12,2332,2375,66.0,102.8,.402,.329,.532,51.5,56.1,7.0,8.2,.491,18.4,36.5,.285
Wichita State,33,27,6,.818,17.42,3.80,16,2,14,1,10,1,2545,2060,67.0,113.3,.347,.328,.577,52.8,53.2,9.3,10.4,.543,15.5,33.5,.260
William & Mary,32,6,26,.188,-10.79,-0.72,4,14,4,9,2,14,1931,2220,63.4,94.8,.335,.416,.510,44.4,51.8,7.6,5.7,.472,17.8,25.1,.238
Winthrop,32,12,20,.375,-7.64,-3.47,8,10,7,5,4,11,2035,2112,64.1,98.0,.315,.282,.494,48.1,46.3,10.4,10.3,.464,16.0,32.7,.206
Wisconsin,36,26,10,.722,19.04,8.24,12,6,14,4,7,4,2304,1915,58.6,108.4,.307,.413,.536,49.8,53.7,8.5,9.1,.501,13.0,30.6,.227
Wofford,33,19,14,.576,-3.62,-3.79,12,6,11,2,7,10,2110,2087,62.5,101.6,.283,.371,.519,48.9,59.6,8.3,6.7,.494,15.8,31.4,.189
Wright State,32,13,19,.406,-4.07,0.25,7,11,9,7,4,11,1857,1967,62.8,91.7,.379,.351,.502,43.8,51.0,10.4,5.9,.459,19.1,25.0,.266
Wyoming,33,21,12,.636,6.79,1.43,6,8,16,3,5,9,2068,1855,61.5,101.6,.385,.380,.552,46.9,52.5,11.1,10.0,.510,17.1,23.8,.285
Xavier,36,23,13,.639,9.59,6.22,10,6,13,3,5,6,2543,2422,67.5,103.6,.412,.252,.535,49.1,52.4,8.8,10.2,.497,15.9,31.3,.287
Yale,29,19,10,.655,-1.37,-2.63,9,5,11,1,7,9,1991,1878,67.1,101.8,.411,.324,.530,50.8,56.5,7.7,10.2,.488,17.9,33.7,.292
Youngstown State,31,16,15,.516,-1.78,-1.65,10,8,10,4,6,10,2095,2047,64.7,103.7,.297,.409,.531,44.0,54.3,9.9,14.1,.510,15.0,27.9,.193
